sample_index,elapsed_seconds,timestamp,raw_adc
0,0.016000,2026-09-08T10:50:52.894+08:00,2043
1,0.047000,2026-09-08T10:50:52.925+08:00,2043
2,0.078000,2026-09-08T10:50:52.956+08:00,2043
3,0.094000,2026-09-08T10:50:52.972+08:00,2044
4,0.125000,2026-09-08T10:50:53.003+08:00,2040
5,0.157000,2026-09-08T10:50:53.035+08:00,2041
6,0.172000,2026-09-08T10:50:53.050+08:00,2039
7,0.203000,2026-09-08T10:50:53.081+08:00,2039
8,0.235000,2026-09-08T10:50:53.113+08:00,2038
9,0.250000,2026-09-08T10:50:53.128+08:00,2040
10,0.282000,2026-09-08T10:50:53.160+08:00,2042
11,0.313000,2026-09-08T10:50:53.191+08:00,2044
12,0.328000,2026-09-08T10:50:53.206+08:00,2043
13,0.360000,2026-09-08T10:50:53.238+08:00,2048
14,0.391000,2026-09-08T10:50:53.269+08:00,2044
15,0.407000,2026-09-08T10:50:53.285+08:00,2050
16,0.438000,2026-09-08T10:50:53.316+08:00,2045
17,30.469000,2026-09-08T10:51:23.347+08:00,2050
18,30.500000,2026-09-08T10:51:23.378+08:00,2045
19,30.516000,2026-09-08T10:51:23.394+08:00,2052
20,30.547000,2026-09-08T10:51:23.425+08:00,2044
21,30.578000,2026-09-08T10:51:23.456+08:00,2054
22,30.594000,2026-09-08T10:51:23.472+08:00,2045
23,30.625000,2026-09-08T10:51:23.503+08:00,2048
24,30.641000,2026-09-08T10:51:23.519+08:00,2042
25,30.703000,2026-09-08T10:51:23.581+08:00,2044
26,30.735000,2026-09-08T10:51:23.613+08:00,2044
27,30.750000,2026-09-08T10:51:23.628+08:00,2047
28,30.782000,2026-09-08T10:51:23.660+08:00,2047
29,30.797000,2026-09-08T10:51:23.675+08:00,2048
30,30.828000,2026-09-08T10:51:23.706+08:00,2047
31,30.860000,2026-09-08T10:51:23.738+08:00,2052
32,30.891000,2026-09-08T10:51:23.769+08:00,2048
33,30.907000,2026-09-08T10:51:23.785+08:00,2049
34,30.938000,2026-09-08T10:51:23.816+08:00,2048
35,30.969000,2026-09-08T10:51:23.847+08:00,2053
36,30.985000,2026-09-08T10:51:23.863+08:00,2050
37,31.016000,2026-09-08T10:51:23.894+08:00,2050
38,31.063000,2026-09-08T10:51:23.941+08:00,2051
39,31.094000,2026-09-08T10:51:23.972+08:00,2051
40,31.110000,2026-09-08T10:51:23.988+08:00,2044
41,31.141000,2026-09-08T10:51:24.019+08:00,2047
42,31.172000,2026-09-08T10:51:24.050+08:00,2045
43,31.188000,2026-09-08T10:51:24.066+08:00,2045
44,31.219000,2026-09-08T10:51:24.097+08:00,2044
45,31.250000,2026-09-08T10:51:24.128+08:00,2044
46,31.266000,2026-09-08T10:51:24.144+08:00,2046
47,31.297000,2026-09-08T10:51:24.175+08:00,2047
48,31.328000,2026-09-08T10:51:24.206+08:00,2049
49,31.344000,2026-09-08T10:51:24.222+08:00,2044
50,31.375000,2026-09-08T10:51:24.253+08:00,2049
51,31.407000,2026-09-08T10:51:24.285+08:00,2040
52,31.422000,2026-09-08T10:51:24.300+08:00,2049
53,31.453000,2026-09-08T10:51:24.331+08:00,2049
54,31.485000,2026-09-08T10:51:24.363+08:00,2049
55,31.500000,2026-09-08T10:51:24.378+08:00,2049
56,31.532000,2026-09-08T10:51:24.410+08:00,2048
57,31.563000,2026-09-08T10:51:24.441+08:00,2047
58,31.578000,2026-09-08T10:51:24.456+08:00,2050
59,31.610000,2026-09-08T10:51:24.488+08:00,2037
60,31.641000,2026-09-08T10:51:24.519+08:00,2048
61,31.657000,2026-09-08T10:51:24.535+08:00,2042
62,31.688000,2026-09-08T10:51:24.566+08:00,2047
63,31.719000,2026-09-08T10:51:24.597+08:00,2044
64,31.735000,2026-09-08T10:51:24.613+08:00,2047
65,31.766000,2026-09-08T10:51:24.644+08:00,2045
66,31.797000,2026-09-08T10:51:24.675+08:00,2046
67,31.813000,2026-09-08T10:51:24.691+08:00,2049
68,31.844000,2026-09-08T10:51:24.722+08:00,2046
69,31.875000,2026-09-08T10:51:24.753+08:00,2052
70,31.891000,2026-09-08T10:51:24.769+08:00,2051
71,31.922000,2026-09-08T10:51:24.800+08:00,2053
72,31.953000,2026-09-08T10:51:24.831+08:00,2050
73,31.969000,2026-09-08T10:51:24.847+08:00,2054
74,32.000000,2026-09-08T10:51:24.878+08:00,2050
75,32.032000,2026-09-08T10:51:24.910+08:00,2053
76,32.047000,2026-09-08T10:51:24.925+08:00,2051
77,32.078000,2026-09-08T10:51:24.956+08:00,2051
78,32.110000,2026-09-08T10:51:24.988+08:00,2050
79,32.125000,2026-09-08T10:51:25.003+08:00,2048
80,32.157000,2026-09-08T10:51:25.035+08:00,2050
81,32.188000,2026-09-08T10:51:25.066+08:00,2047
82,32.203000,2026-09-08T10:51:25.081+08:00,2049
83,32.235000,2026-09-08T10:51:25.113+08:00,2044
84,32.266000,2026-09-08T10:51:25.144+08:00,2047
85,32.282000,2026-09-08T10:51:25.160+08:00,2049
86,32.313000,2026-09-08T10:51:25.191+08:00,2050
87,32.344000,2026-09-08T10:51:25.222+08:00,2045
88,32.360000,2026-09-08T10:51:25.238+08:00,2055
89,32.391000,2026-09-08T10:51:25.269+08:00,2049
90,32.422000,2026-09-08T10:51:25.300+08:00,2049
91,32.438000,2026-09-08T10:51:25.316+08:00,2044
92,32.469000,2026-09-08T10:51:25.347+08:00,2047
93,32.500000,2026-09-08T10:51:25.378+08:00,2049
94,32.516000,2026-09-08T10:51:25.394+08:00,2050
95,32.547000,2026-09-08T10:51:25.425+08:00,2045
96,32.578000,2026-09-08T10:51:25.456+08:00,2055
97,32.594000,2026-09-08T10:51:25.472+08:00,2049
98,32.625000,2026-09-08T10:51:25.503+08:00,2049
99,32.672000,2026-09-08T10:51:25.550+08:00,2048
100,32.703000,2026-09-08T10:51:25.581+08:00,2048
101,32.735000,2026-09-08T10:51:25.613+08:00,2046
102,32.750000,2026-09-08T10:51:25.628+08:00,2051
103,32.782000,2026-09-08T10:51:25.660+08:00,2044
104,32.813000,2026-09-08T10:51:25.691+08:00,2048
105,32.828000,2026-09-08T10:51:25.706+08:00,2042
106,32.860000,2026-09-08T10:51:25.738+08:00,2047
107,32.891000,2026-09-08T10:51:25.769+08:00,2044
108,32.907000,2026-09-08T10:51:25.785+08:00,2042
109,32.938000,2026-09-08T10:51:25.816+08:00,2043
110,32.969000,2026-09-08T10:51:25.847+08:00,2042
111,32.985000,2026-09-08T10:51:25.863+08:00,2049
112,33.016000,2026-09-08T10:51:25.894+08:00,2045
113,33.047000,2026-09-08T10:51:25.925+08:00,2052
114,33.063000,2026-09-08T10:51:25.941+08:00,2046
115,33.094000,2026-09-08T10:51:25.972+08:00,2049
116,33.125000,2026-09-08T10:51:26.003+08:00,2047
117,33.141000,2026-09-08T10:51:26.019+08:00,2051
118,33.172000,2026-09-08T10:51:26.050+08:00,2045
119,33.203000,2026-09-08T10:51:26.081+08:00,2051
120,33.219000,2026-09-08T10:51:26.097+08:00,2047
121,33.250000,2026-09-08T10:51:26.128+08:00,2050
122,33.282000,2026-09-08T10:51:26.160+08:00,2045
123,33.297000,2026-09-08T10:51:26.175+08:00,2045
124,33.328000,2026-09-08T10:51:26.206+08:00,2045
125,33.360000,2026-09-08T10:51:26.238+08:00,2043
126,33.375000,2026-09-08T10:51:26.253+08:00,2044
127,33.407000,2026-09-08T10:51:26.285+08:00,2042
128,33.438000,2026-09-08T10:51:26.316+08:00,2041
129,33.453000,2026-09-08T10:51:26.331+08:00,2042
130,33.485000,2026-09-08T10:51:26.363+08:00,2046
131,33.516000,2026-09-08T10:51:26.394+08:00,2045
132,33.563000,2026-09-08T10:51:26.441+08:00,2044
133,33.594000,2026-09-08T10:51:26.472+08:00,2050
134,33.610000,2026-09-08T10:51:26.488+08:00,2048
135,33.641000,2026-09-08T10:51:26.519+08:00,2047
136,33.672000,2026-09-08T10:51:26.550+08:00,2055
137,33.688000,2026-09-08T10:51:26.566+08:00,2049
138,33.719000,2026-09-08T10:51:26.597+08:00,2048
139,33.750000,2026-09-08T10:51:26.628+08:00,2050
140,33.766000,2026-09-08T10:51:26.644+08:00,2048
141,33.797000,2026-09-08T10:51:26.675+08:00,2049
142,33.828000,2026-09-08T10:51:26.706+08:00,2041
143,33.844000,2026-09-08T10:51:26.722+08:00,2049
144,33.875000,2026-09-08T10:51:26.753+08:00,2043
145,33.922000,2026-09-08T10:51:26.800+08:00,2045
146,33.953000,2026-09-08T10:51:26.831+08:00,2047
147,33.969000,2026-09-08T10:51:26.847+08:00,2046
148,34.000000,2026-09-08T10:51:26.878+08:00,2049
149,34.032000,2026-09-08T10:51:26.910+08:00,2046
150,34.063000,2026-09-08T10:51:26.941+08:00,2056
151,34.078000,2026-09-08T10:51:26.956+08:00,2048
152,34.110000,2026-09-08T10:51:26.988+08:00,2050
153,34.125000,2026-09-08T10:51:27.003+08:00,2049
154,34.157000,2026-09-08T10:51:27.035+08:00,2052
155,34.188000,2026-09-08T10:51:27.066+08:00,2054
156,34.219000,2026-09-08T10:51:27.097+08:00,2054
157,34.235000,2026-09-08T10:51:27.113+08:00,2054
158,34.266000,2026-09-08T10:51:27.144+08:00,2053
159,34.297000,2026-09-08T10:51:27.175+08:00,2052
160,34.313000,2026-09-08T10:51:27.191+08:00,2052
161,34.344000,2026-09-08T10:51:27.222+08:00,2048
162,34.391000,2026-09-08T10:51:27.269+08:00,2042
163,34.422000,2026-09-08T10:51:27.300+08:00,2049
164,34.438000,2026-09-08T10:51:27.316+08:00,2042
165,34.469000,2026-09-08T10:51:27.347+08:00,2047
166,34.500000,2026-09-08T10:51:27.378+08:00,2045
167,34.516000,2026-09-08T10:51:27.394+08:00,2046
168,34.547000,2026-09-08T10:51:27.425+08:00,2048
169,34.594000,2026-09-08T10:51:27.472+08:00,2048
170,34.625000,2026-09-08T10:51:27.503+08:00,2044
171,34.657000,2026-09-08T10:51:27.535+08:00,2049
172,34.672000,2026-09-08T10:51:27.550+08:00,2047
173,34.703000,2026-09-08T10:51:27.581+08:00,2049
174,34.735000,2026-09-08T10:51:27.613+08:00,2045
175,34.750000,2026-09-08T10:51:27.628+08:00,2051
176,34.782000,2026-09-08T10:51:27.660+08:00,2045
177,34.813000,2026-09-08T10:51:27.691+08:00,2050
178,34.828000,2026-09-08T10:51:27.706+08:00,2041
179,34.860000,2026-09-08T10:51:27.738+08:00,2047
180,34.891000,2026-09-08T10:51:27.769+08:00,2042
181,34.907000,2026-09-08T10:51:27.785+08:00,2042
182,34.938000,2026-09-08T10:51:27.816+08:00,2042
183,34.969000,2026-09-08T10:51:27.847+08:00,2040
184,34.985000,2026-09-08T10:51:27.863+08:00,2042
185,35.016000,2026-09-08T10:51:27.894+08:00,2042
186,35.063000,2026-09-08T10:51:27.941+08:00,2044
187,35.094000,2026-09-08T10:51:27.972+08:00,2049
188,35.125000,2026-09-08T10:51:28.003+08:00,2044
189,35.141000,2026-09-08T10:51:28.019+08:00,2048
190,35.172000,2026-09-08T10:51:28.050+08:00,2048
191,35.203000,2026-09-08T10:51:28.081+08:00,2049
192,35.219000,2026-09-08T10:51:28.097+08:00,2051
193,35.250000,2026-09-08T10:51:28.128+08:00,2051
194,35.282000,2026-09-08T10:51:28.160+08:00,2053
195,35.297000,2026-09-08T10:51:28.175+08:00,2054
196,35.328000,2026-09-08T10:51:28.206+08:00,2054
197,35.360000,2026-09-08T10:51:28.238+08:00,2053
198,35.375000,2026-09-08T10:51:28.253+08:00,2054
199,35.407000,2026-09-08T10:51:28.285+08:00,2051
200,35.453000,2026-09-08T10:51:28.331+08:00,2050
201,35.485000,2026-09-08T10:51:28.363+08:00,2054
202,35.516000,2026-09-08T10:51:28.394+08:00,2055
203,35.532000,2026-09-08T10:51:28.410+08:00,2057
204,35.563000,2026-09-08T10:51:28.441+08:00,2058
205,35.594000,2026-09-08T10:51:28.472+08:00,2061
206,35.610000,2026-09-08T10:51:28.488+08:00,2064
207,35.641000,2026-09-08T10:51:28.519+08:00,2066
208,35.672000,2026-09-08T10:51:28.550+08:00,2066
209,35.688000,2026-09-08T10:51:28.566+08:00,2068
210,35.719000,2026-09-08T10:51:28.597+08:00,2069
211,35.750000,2026-09-08T10:51:28.628+08:00,2070
212,35.766000,2026-09-08T10:51:28.644+08:00,2071
213,35.797000,2026-09-08T10:51:28.675+08:00,2075
214,35.828000,2026-09-08T10:51:28.706+08:00,2073
215,35.844000,2026-09-08T10:51:28.722+08:00,2073
216,35.875000,2026-09-08T10:51:28.753+08:00,2072
217,35.907000,2026-09-08T10:51:28.785+08:00,2072
218,35.922000,2026-09-08T10:51:28.800+08:00,2073
219,35.953000,2026-09-08T10:51:28.831+08:00,2070
220,35.985000,2026-09-08T10:51:28.863+08:00,2074
221,36.000000,2026-09-08T10:51:28.878+08:00,2072
222,36.032000,2026-09-08T10:51:28.910+08:00,2073
223,36.063000,2026-09-08T10:51:28.941+08:00,2074
224,36.078000,2026-09-08T10:51:28.956+08:00,2081
225,36.110000,2026-09-08T10:51:28.988+08:00,2078
226,36.141000,2026-09-08T10:51:29.019+08:00,2078
227,36.157000,2026-09-08T10:51:29.035+08:00,2080
228,36.188000,2026-09-08T10:51:29.066+08:00,2083
229,36.219000,2026-09-08T10:51:29.097+08:00,2084
230,36.235000,2026-09-08T10:51:29.113+08:00,2084
231,36.266000,2026-09-08T10:51:29.144+08:00,2084
232,36.297000,2026-09-08T10:51:29.175+08:00,2083085
233,36.313000,2026-09-08T10:51:29.191+08:00,2085
234,36.344000,2026-09-08T10:51:29.222+08:00,2080
235,36.375000,2026-09-08T10:51:29.253+08:00,2079
236,36.391000,2026-09-08T10:51:29.269+08:00,2082
237,36.422000,2026-09-08T10:51:29.300+08:00,2080
238,36.453000,2026-09-08T10:51:29.331+08:00,2079
239,36.469000,2026-09-08T10:51:29.347+08:00,2081
240,36.500000,2026-09-08T10:51:29.378+08:00,2081
241,36.532000,2026-09-08T10:51:29.410+08:00,2083
242,36.578000,2026-09-08T10:51:29.456+08:00,2087
243,36.610000,2026-09-08T10:51:29.488+08:00,2087
244,36.625000,2026-09-08T10:51:29.503+08:00,2086
245,36.657000,2026-09-08T10:51:29.535+08:00,2088
246,36.688000,2026-09-08T10:51:29.566+08:00,2088
247,36.703000,2026-09-08T10:51:29.581+08:00,2090
248,36.735000,2026-09-08T10:51:29.613+08:00,2087
249,36.766000,2026-09-08T10:51:29.644+08:00,2087
250,36.782000,2026-09-08T10:51:29.660+08:00,2086
251,36.813000,2026-09-08T10:51:29.691+08:00,2088
252,36.844000,2026-09-08T10:51:29.722+08:00,2087
253,36.860000,2026-09-08T10:51:29.738+08:00,2086
254,36.891000,2026-09-08T10:51:29.769+08:00,2082
255,36.922000,2026-09-08T10:51:29.800+08:00,2078
256,36.938000,2026-09-08T10:51:29.816+08:00,2080
257,36.969000,2026-09-08T10:51:29.847+08:00,2075
258,37.000000,2026-09-08T10:51:29.878+08:00,2074
259,37.047000,2026-09-08T10:51:29.925+08:00,2078
260,37.078000,2026-09-08T10:51:29.956+08:00,2076
261,37.094000,2026-09-08T10:51:29.972+08:00,2077
262,37.125000,2026-09-08T10:51:30.003+08:00,2078
263,37.157000,2026-09-08T10:51:30.035+08:00,2082
264,37.172000,2026-09-08T10:51:30.050+08:00,2078
265,37.203000,2026-09-08T10:51:30.081+08:00,2078
266,37.250000,2026-09-08T10:51:30.128+08:00,2078
267,37.282000,2026-09-08T10:51:30.160+08:00,2077
268,37.313000,2026-09-08T10:51:30.191+08:00,2076
269,37.328000,2026-09-08T10:51:30.206+08:00,2076
270,37.360000,2026-09-08T10:51:30.238+08:00,2073
271,37.375000,2026-09-08T10:51:30.253+08:00,2073
272,37.407000,2026-09-08T10:51:30.285+08:00,2071
273,37.438000,2026-09-08T10:51:30.316+08:00,2066
274,37.453000,2026-09-08T10:51:30.331+08:00,2062
275,37.485000,2026-09-08T10:51:30.363+08:00,2061
276,37.516000,2026-09-08T10:51:30.394+08:00,2058
277,37.532000,2026-09-08T10:51:30.410+08:00,2056
278,37.563000,2026-09-08T10:51:30.441+08:00,2056
279,37.594000,2026-09-08T10:51:30.472+08:00,2054
280,37.610000,2026-09-08T10:51:30.488+08:00,2057
281,37.641000,2026-09-08T10:51:30.519+08:00,2058
282,37.672000,2026-09-08T10:51:30.550+08:00,2054
283,37.719000,2026-09-08T10:51:30.597+08:00,2054
284,37.750000,2026-09-08T10:51:30.628+08:00,2052
285,37.766000,2026-09-08T10:51:30.644+08:00,2053
286,37.797000,2026-09-08T10:51:30.675+08:00,2051
287,37.828000,2026-09-08T10:51:30.706+08:00,2054
288,37.844000,2026-09-08T10:51:30.722+08:00,2050
289,37.875000,2026-09-08T10:51:30.753+08:00,2048
290,37.907000,2026-09-08T10:51:30.785+08:00,2040
291,37.922000,2026-09-08T10:51:30.800+08:00,2044
292,37.953000,2026-09-08T10:51:30.831+08:00,2045
293,37.985000,2026-09-08T10:51:30.863+08:00,2041
294,38.000000,2026-09-08T10:51:30.878+08:00,2041
295,38.032000,2026-09-08T10:51:30.910+08:00,2039
296,38.063000,2026-09-08T10:51:30.941+08:00,2039
297,38.078000,2026-09-08T10:51:30.956+08:00,2041
298,38.110000,2026-09-08T10:51:30.988+08:00,2046
299,38.141000,2026-09-08T10:51:31.019+08:00,2042
300,38.157000,2026-09-08T10:51:31.035+08:00,2044
301,38.219000,2026-09-08T10:51:31.097+08:00,2043
302,38.235000,2026-09-08T10:51:31.113+08:00,2046
303,38.266000,2026-09-08T10:51:31.144+08:00,2045
304,38.297000,2026-09-08T10:51:31.175+08:00,2046
305,38.313000,2026-09-08T10:51:31.191+08:00,2050
306,38.344000,2026-09-08T10:51:31.222+08:00,2042
307,38.375000,2026-09-08T10:51:31.253+08:00,2048
308,38.391000,2026-09-08T10:51:31.269+08:00,2039
309,38.422000,2026-09-08T10:51:31.300+08:00,2045
310,38.453000,2026-09-08T10:51:31.331+08:00,2043
311,38.469000,2026-09-08T10:51:31.347+08:00,2043
312,38.500000,2026-09-08T10:51:31.378+08:00,2040
313,38.532000,2026-09-08T10:51:31.410+08:00,2040
314,38.547000,2026-09-08T10:51:31.425+08:00,2039
315,38.578000,2026-09-08T10:51:31.456+08:00,2042
316,38.610000,2026-09-08T10:51:31.488+08:00,2042
317,38.625000,2026-09-08T10:51:31.503+08:00,2041
318,38.657000,2026-09-08T10:51:31.535+08:00,2040
319,38.688000,2026-09-08T10:51:31.566+08:00,2044
320,38.703000,2026-09-08T10:51:31.581+08:00,2046
321,38.735000,2026-09-08T10:51:31.613+08:00,2048
322,38.766000,2026-09-08T10:51:31.644+08:00,2041
323,38.782000,2026-09-08T10:51:31.660+08:00,2048
324,38.813000,2026-09-08T10:51:31.691+08:00,2043
325,38.844000,2026-09-08T10:51:31.722+08:00,2051
326,38.860000,2026-09-08T10:51:31.738+08:00,2043
327,38.891000,2026-09-08T10:51:31.769+08:00,2043
328,38.922000,2026-09-08T10:51:31.800+08:00,2043
329,38.938000,2026-09-08T10:51:31.816+08:00,2042
330,38.969000,2026-09-08T10:51:31.847+08:00,2040
331,39.000000,2026-09-08T10:51:31.878+08:00,2038
332,39.047000,2026-09-08T10:51:31.925+08:00,2033
333,39.078000,2026-09-08T10:51:31.956+08:00,2034
334,39.094000,2026-09-08T10:51:31.972+08:00,2034
335,39.125000,2026-09-08T10:51:32.003+08:00,2035
336,39.157000,2026-09-08T10:51:32.035+08:00,2037
337,39.172000,2026-09-08T10:51:32.050+08:00,2040
338,39.203000,2026-09-08T10:51:32.081+08:00,2041
339,39.250000,2026-09-08T10:51:32.128+08:00,2049
340,39.282000,2026-09-08T10:51:32.160+08:00,2046
341,39.313000,2026-09-08T10:51:32.191+08:00,2053
342,39.328000,2026-09-08T10:51:32.206+08:00,2053
343,39.360000,2026-09-08T10:51:32.238+08:00,2056
344,39.391000,2026-09-08T10:51:32.269+08:00,2060
345,39.407000,2026-09-08T10:51:32.285+08:00,2065
346,39.438000,2026-09-08T10:51:32.316+08:00,2070
347,39.469000,2026-09-08T10:51:32.347+08:00,2074
348,39.485000,2026-09-08T10:51:32.363+08:00,2078
349,39.516000,2026-09-08T10:51:32.394+08:00,2086
350,39.547000,2026-09-08T10:51:32.425+08:00,2094
351,39.563000,2026-09-08T10:51:32.441+08:00,2104
352,39.594000,2026-09-08T10:51:32.472+08:00,2113
353,39.625000,2026-09-08T10:51:32.503+08:00,2125
354,39.641000,2026-09-08T10:51:32.519+08:00,2139
355,39.672000,2026-09-08T10:51:32.550+08:00,215
356,39.703000,2026-09-08T10:51:32.581+08:00,2164
357,39.719000,2026-09-08T10:51:32.597+08:00,2183
358,39.750000,2026-09-08T10:51:32.628+08:00,2193
359,39.782000,2026-09-08T10:51:32.660+08:00,2209
360,39.797000,2026-09-08T10:51:32.675+08:00,2218
361,39.828000,2026-09-08T10:51:32.706+08:00,2237
362,39.860000,2026-09-08T10:51:32.738+08:00,2252
363,39.907000,2026-09-08T10:51:32.785+08:00,2294
364,39.938000,2026-09-08T10:51:32.816+08:00,2310
365,39.953000,2026-09-08T10:51:32.831+08:00,2320
366,39.985000,2026-09-08T10:51:32.863+08:00,2333
367,40.016000,2026-09-08T10:51:32.894+08:00,2340
368,40.032000,2026-09-08T10:51:32.910+08:00,2349
369,40.063000,2026-09-08T10:51:32.941+08:00,2357
370,40.094000,2026-09-08T10:51:32.972+08:00,2363
371,40.110000,2026-09-08T10:51:32.988+08:00,2370
372,40.141000,2026-09-08T10:51:33.019+08:00,2373
373,40.172000,2026-09-08T10:51:33.050+08:00,2374
374,40.188000,2026-09-08T10:51:33.066+08:00,2373
375,40.219000,2026-09-08T10:51:33.097+08:00,2368
376,40.250000,2026-09-08T10:51:33.128+08:00,2361
377,40.266000,2026-09-08T10:51:33.144+08:00,2353
378,40.297000,2026-09-08T10:51:33.175+08:00,2340
379,40.344000,2026-09-08T10:51:33.222+08:00,2290
380,40.375000,2026-09-08T10:51:33.253+08:00,2269
381,40.391000,2026-09-08T10:51:33.269+08:00,2246
382,40.422000,2026-09-08T10:51:33.300+08:00,2223
383,40.453000,2026-09-08T10:51:33.331+08:00,2199
384,40.485000,2026-09-08T10:51:33.363+08:00,2169
385,40.500000,2026-09-08T10:51:33.378+08:00,214
386,40.532000,2026-09-08T10:51:33.410+08:00,2118
387,40.563000,2026-09-08T10:51:33.441+08:00,2097
388,40.578000,2026-09-08T10:51:33.456+08:00,2071
389,40.610000,2026-09-08T10:51:33.488+08:00,2051
390,40.625000,2026-09-08T10:51:33.503+08:00,2025
391,40.657000,2026-09-08T10:51:33.535+08:00,2011
392,40.688000,2026-09-08T10:51:33.566+08:00,1994
393,40.719000,2026-09-08T10:51:33.597+08:00,1972
394,40.735000,2026-09-08T10:51:33.613+08:00,1953
395,40.766000,2026-09-08T10:51:33.644+08:00,1940
396,40.782000,2026-09-08T10:51:33.660+08:00,1925
397,40.813000,2026-09-08T10:51:33.691+08:00,1910
398,40.844000,2026-09-08T10:51:33.722+08:00,1897
399,40.860000,2026-09-08T10:51:33.738+08:00,1889
400,40.922000,2026-09-08T10:51:33.800+08:00,1868
401,40.938000,2026-09-08T10:51:33.816+08:00,1862
402,40.969000,2026-09-08T10:51:33.847+08:00,1857
403,41.000000,2026-09-08T10:51:33.878+08:00,1859
404,41.016000,2026-09-08T10:51:33.894+08:00,1859
405,41.047000,2026-09-08T10:51:33.925+08:00,1865
406,41.078000,2026-09-08T10:51:33.956+08:00,1870
407,41.094000,2026-09-08T10:51:33.972+08:00,1876
408,41.125000,2026-09-08T10:51:34.003+08:00,1884
409,41.157000,2026-09-08T10:51:34.035+08:00,1893
410,41.172000,2026-09-08T10:51:34.050+08:00,1903
411,41.203000,2026-09-08T10:51:34.081+08:00,1913
412,41.235000,2026-09-08T10:51:34.113+08:00,1921
413,41.250000,2026-09-08T10:51:34.128+08:00,1928
414,41.282000,2026-09-08T10:51:34.160+08:00,1939
415,41.313000,2026-09-08T10:51:34.191+08:00,1943
416,41.328000,2026-09-08T10:51:34.206+08:00,1952
417,41.360000,2026-09-08T10:51:34.238+08:00,1961
418,41.391000,2026-09-08T10:51:34.269+08:00,1967
419,41.407000,2026-09-08T10:51:34.285+08:00,1972
420,41.438000,2026-09-08T10:51:34.316+08:00,1974
421,41.469000,2026-09-08T10:51:34.347+08:00,1981
422,41.485000,2026-09-08T10:51:34.363+08:00,1985
423,41.516000,2026-09-08T10:51:34.394+08:00,1990
424,41.547000,2026-09-08T10:51:34.425+08:00,1992
425,41.563000,2026-09-08T10:51:34.441+08:00,1999
426,41.594000,2026-09-08T10:51:34.472+08:00,2000
427,41.641000,2026-09-08T10:51:34.519+08:00,2015
428,41.672000,2026-09-08T10:51:34.550+08:00,2021
429,41.703000,2026-09-08T10:51:34.581+08:00,2024
430,41.719000,2026-09-08T10:51:34.597+08:00,2024
431,41.750000,2026-09-08T10:51:34.628+08:00,2025
432,41.782000,2026-09-08T10:51:34.660+08:00,2026
433,41.797000,2026-09-08T10:51:34.675+08:00,20282030
434,41.828000,2026-09-08T10:51:34.706+08:00,2031
435,41.860000,2026-09-08T10:51:34.738+08:00,2033
436,41.875000,2026-09-08T10:51:34.753+08:00,2034
437,41.907000,2026-09-08T10:51:34.785+08:00,2032
438,41.938000,2026-09-08T10:51:34.816+08:00,2033
439,41.953000,2026-09-08T10:51:34.831+08:00,2032
440,41.985000,2026-09-08T10:51:34.863+08:00,2032
441,42.016000,2026-09-08T10:51:34.894+08:00,2030
442,42.032000,2026-09-08T10:51:34.910+08:00,2030
443,42.063000,2026-09-08T10:51:34.941+08:00,2029
444,42.094000,2026-09-08T10:51:34.972+08:00,2033
445,42.110000,2026-09-08T10:51:34.988+08:00,2033
446,42.141000,2026-09-08T10:51:35.019+08:00,2037
447,42.172000,2026-09-08T10:51:35.050+08:00,2039
448,42.188000,2026-09-08T10:51:35.066+08:00,2039
449,42.219000,2026-09-08T10:51:35.097+08:00,2041
450,42.266000,2026-09-08T10:51:35.144+08:00,2044
451,42.297000,2026-09-08T10:51:35.175+08:00,2046
452,42.328000,2026-09-08T10:51:35.206+08:00,2047
453,42.344000,2026-09-08T10:51:35.222+08:00,2047
454,42.375000,2026-09-08T10:51:35.253+08:00,2046
455,42.407000,2026-09-08T10:51:35.285+08:00,2046
456,42.422000,2026-09-08T10:51:35.300+08:00,2046047
457,42.453000,2026-09-08T10:51:35.331+08:00,2043
458,42.485000,2026-09-08T10:51:35.363+08:00,2042
459,42.500000,2026-09-08T10:51:35.378+08:00,2044
460,42.532000,2026-09-08T10:51:35.410+08:00,2047
461,42.563000,2026-09-08T10:51:35.441+08:00,2046
462,42.578000,2026-09-08T10:51:35.456+08:00,2051
463,42.610000,2026-09-08T10:51:35.488+08:00,2055
464,42.641000,2026-09-08T10:51:35.519+08:00,2052
465,42.657000,2026-09-08T10:51:35.535+08:00,2054
466,42.688000,2026-09-08T10:51:35.566+08:00,2053
467,42.719000,2026-09-08T10:51:35.597+08:00,2054
468,42.735000,2026-09-08T10:51:35.613+08:00,2055
469,42.766000,2026-09-08T10:51:35.644+08:00,2055
470,42.797000,2026-09-08T10:51:35.675+08:00,2056
471,42.813000,2026-09-08T10:51:35.691+08:00,2059
472,42.844000,2026-09-08T10:51:35.722+08:00,2054
473,42.875000,2026-09-08T10:51:35.753+08:00,2057
474,42.891000,2026-09-08T10:51:35.769+08:00,2054
475,42.922000,2026-09-08T10:51:35.800+08:00,2055
476,42.953000,2026-09-08T10:51:35.831+08:00,2055
477,42.969000,2026-09-08T10:51:35.847+08:00,2052
478,43.000000,2026-09-08T10:51:35.878+08:00,2050
479,43.032000,2026-09-08T10:51:35.910+08:00,2051
480,43.047000,2026-09-08T10:51:35.925+08:00,2050
481,43.078000,2026-09-08T10:51:35.956+08:00,2053
482,43.110000,2026-09-08T10:51:35.988+08:00,2053
483,43.125000,2026-09-08T10:51:36.003+08:00,2059
484,43.157000,2026-09-08T10:51:36.035+08:00,2061
485,43.188000,2026-09-08T10:51:36.066+08:00,2060
486,43.203000,2026-09-08T10:51:36.081+08:00,2064
487,43.235000,2026-09-08T10:51:36.113+08:00,2068
488,43.266000,2026-09-08T10:51:36.144+08:00,2068
489,43.282000,2026-09-08T10:51:36.160+08:00,2069
490,43.313000,2026-09-08T10:51:36.191+08:00,2066
491,43.344000,2026-09-08T10:51:36.222+08:00,2071
492,43.360000,2026-09-08T10:51:36.238+08:00,2070
493,43.391000,2026-09-08T10:51:36.269+08:00,2073
494,43.422000,2026-09-08T10:51:36.300+08:00,2069
495,43.438000,2026-09-08T10:51:36.316+08:00,2066
496,43.469000,2026-09-08T10:51:36.347+08:00,2064
497,43.500000,2026-09-08T10:51:36.378+08:00,2063
498,43.516000,2026-09-08T10:51:36.394+08:00,2063
499,43.547000,2026-09-08T10:51:36.425+08:00,2065
500,43.578000,2026-09-08T10:51:36.456+08:00,2064
501,43.594000,2026-09-08T10:51:36.472+08:00,2065
502,43.625000,2026-09-08T10:51:36.503+08:00,2066
503,43.657000,2026-09-08T10:51:36.535+08:00,2071
504,43.672000,2026-09-08T10:51:36.550+08:00,2068
505,43.703000,2026-09-08T10:51:36.581+08:00,2070
506,43.735000,2026-09-08T10:51:36.613+08:00,2071
507,43.750000,2026-09-08T10:51:36.628+08:00,2071
508,43.782000,2026-09-08T10:51:36.660+08:00,2070
509,43.813000,2026-09-08T10:51:36.691+08:00,2070
510,43.828000,2026-09-08T10:51:36.706+08:00,2071
511,43.860000,2026-09-08T10:51:36.738+08:00,2070
512,43.875000,2026-09-08T10:51:36.753+08:00,2074
513,43.907000,2026-09-08T10:51:36.785+08:00,2069
514,43.938000,2026-09-08T10:51:36.816+08:00,2069
515,43.953000,2026-09-08T10:51:36.831+08:00,2068
516,43.985000,2026-09-08T10:51:36.863+08:00,2064
517,44.016000,2026-09-08T10:51:36.894+08:00,2061
518,44.032000,2026-09-08T10:51:36.910+08:00,2061
519,44.063000,2026-09-08T10:51:36.941+08:00,2061
520,44.094000,2026-09-08T10:51:36.972+08:00,2061
521,44.110000,2026-09-08T10:51:36.988+08:00,2065
522,44.141000,2026-09-08T10:51:37.019+08:00,2064
523,44.172000,2026-09-08T10:51:37.050+08:00,2069
524,44.188000,2026-09-08T10:51:37.066+08:00,2070
525,44.219000,2026-09-08T10:51:37.097+08:00,2071
526,44.250000,2026-09-08T10:51:37.128+08:00,2074
527,44.266000,2026-09-08T10:51:37.144+08:00,2072
528,44.297000,2026-09-08T10:51:37.175+08:00,2070
529,44.328000,2026-09-08T10:51:37.206+08:00,2074
530,44.344000,2026-09-08T10:51:37.222+08:00,2073
531,44.375000,2026-09-08T10:51:37.253+08:00,2073
532,44.407000,2026-09-08T10:51:37.285+08:00,2073
533,44.422000,2026-09-08T10:51:37.300+08:00,2076
534,44.453000,2026-09-08T10:51:37.331+08:00,2071
535,44.485000,2026-09-08T10:51:37.363+08:00,2073
536,44.500000,2026-09-08T10:51:37.378+08:00,2072
537,44.532000,2026-09-08T10:51:37.410+08:00,2073
538,44.563000,2026-09-08T10:51:37.441+08:00,2072
539,44.578000,2026-09-08T10:51:37.456+08:00,2073
540,44.610000,2026-09-08T10:51:37.488+08:00,2073
541,44.641000,2026-09-08T10:51:37.519+08:00,2078
542,44.657000,2026-09-08T10:51:37.535+08:00,2078
543,44.688000,2026-09-08T10:51:37.566+08:00,2081
544,44.719000,2026-09-08T10:51:37.597+08:00,2084
545,44.735000,2026-09-08T10:51:37.613+08:00,2084
546,44.766000,2026-09-08T10:51:37.644+08:00,2091
547,44.797000,2026-09-08T10:51:37.675+08:00,2091
548,44.813000,2026-09-08T10:51:37.691+08:00,2092
549,44.844000,2026-09-08T10:51:37.722+08:00,2091
550,44.875000,2026-09-08T10:51:37.753+08:00,2091
551,44.891000,2026-09-08T10:51:37.769+08:00,2093
552,44.922000,2026-09-08T10:51:37.800+08:00,2091
553,44.953000,2026-09-08T10:51:37.831+08:00,2090
554,44.969000,2026-09-08T10:51:37.847+08:00,2093
555,45.000000,2026-09-08T10:51:37.878+08:00,2088
556,45.032000,2026-09-08T10:51:37.910+08:00,2087
557,45.047000,2026-09-08T10:51:37.925+08:00,2087
558,45.078000,2026-09-08T10:51:37.956+08:00,2086
559,45.110000,2026-09-08T10:51:37.988+08:00,2088
560,45.125000,2026-09-08T10:51:38.003+08:00,2087
561,45.157000,2026-09-08T10:51:38.035+08:00,2093
562,45.188000,2026-09-08T10:51:38.066+08:00,2090
563,45.203000,2026-09-08T10:51:38.081+08:00,2092
564,45.235000,2026-09-08T10:51:38.113+08:00,2095
565,45.266000,2026-09-08T10:51:38.144+08:00,2096
566,45.282000,2026-09-08T10:51:38.160+08:00,2094
567,45.313000,2026-09-08T10:51:38.191+08:00,2096
568,45.344000,2026-09-08T10:51:38.222+08:00,2099
569,45.360000,2026-09-08T10:51:38.238+08:00,2101
570,45.391000,2026-09-08T10:51:38.269+08:00,2100
571,45.422000,2026-09-08T10:51:38.300+08:00,2099
572,45.438000,2026-09-08T10:51:38.316+08:00,2100
573,45.469000,2026-09-08T10:51:38.347+08:00,2098
574,45.500000,2026-09-08T10:51:38.378+08:00,2096
575,45.516000,2026-09-08T10:51:38.394+08:00,2100
576,45.547000,2026-09-08T10:51:38.425+08:00,2094
577,45.578000,2026-09-08T10:51:38.456+08:00,2094
578,45.594000,2026-09-08T10:51:38.472+08:00,2092
579,45.625000,2026-09-08T10:51:38.503+08:00,2092
580,45.657000,2026-09-08T10:51:38.535+08:00,2091
581,45.672000,2026-09-08T10:51:38.550+08:00,2094
582,45.703000,2026-09-08T10:51:38.581+08:00,2093
583,45.735000,2026-09-08T10:51:38.613+08:00,2094
584,45.750000,2026-09-08T10:51:38.628+08:00,2095
585,45.782000,2026-09-08T10:51:38.660+08:00,2098
586,45.813000,2026-09-08T10:51:38.691+08:00,2096
587,45.828000,2026-09-08T10:51:38.706+08:00,2097
588,45.860000,2026-09-08T10:51:38.738+08:00,2097
589,45.891000,2026-09-08T10:51:38.769+08:00,2097
590,45.907000,2026-09-08T10:51:38.785+08:00,2096
591,45.938000,2026-09-08T10:51:38.816+08:00,2095
592,45.969000,2026-09-08T10:51:38.847+08:00,2096
593,45.985000,2026-09-08T10:51:38.863+08:00,2092
594,46.016000,2026-09-08T10:51:38.894+08:00,2093
595,46.047000,2026-09-08T10:51:38.925+08:00,2090
596,46.063000,2026-09-08T10:51:38.941+08:00,2089
597,46.094000,2026-09-08T10:51:38.972+08:00,2088
598,46.125000,2026-09-08T10:51:39.003+08:00,2086
599,46.141000,2026-09-08T10:51:39.019+08:00,2087
600,46.172000,2026-09-08T10:51:39.050+08:00,2086
601,46.203000,2026-09-08T10:51:39.081+08:00,2090
602,46.219000,2026-09-08T10:51:39.097+08:00,2090
603,46.250000,2026-09-08T10:51:39.128+08:00,2093
604,46.282000,2026-09-08T10:51:39.160+08:00,2095
605,46.297000,2026-09-08T10:51:39.175+08:00,2094
606,46.328000,2026-09-08T10:51:39.206+08:00,2093
607,46.360000,2026-09-08T10:51:39.238+08:00,2094
608,46.375000,2026-09-08T10:51:39.253+08:00,2092
609,46.407000,2026-09-08T10:51:39.285+08:00,2095
610,46.438000,2026-09-08T10:51:39.316+08:00,2094
611,46.453000,2026-09-08T10:51:39.331+08:00,2090
612,46.485000,2026-09-08T10:51:39.363+08:00,2089
613,46.516000,2026-09-08T10:51:39.394+08:00,2090
614,46.532000,2026-09-08T10:51:39.410+08:00,2085
615,46.563000,2026-09-08T10:51:39.441+08:00,2082
616,46.594000,2026-09-08T10:51:39.472+08:00,2079
617,46.610000,2026-09-08T10:51:39.488+08:00,2074
618,46.641000,2026-09-08T10:51:39.519+08:00,2073
619,46.672000,2026-09-08T10:51:39.550+08:00,2072
620,46.688000,2026-09-08T10:51:39.566+08:00,2070
621,46.719000,2026-09-08T10:51:39.597+08:00,2069
622,46.750000,2026-09-08T10:51:39.628+08:00,2070
623,46.766000,2026-09-08T10:51:39.644+08:00,2069
624,46.797000,2026-09-08T10:51:39.675+08:00,2069
625,46.828000,2026-09-08T10:51:39.706+08:00,2068
626,46.844000,2026-09-08T10:51:39.722+08:00,2068
627,46.875000,2026-09-08T10:51:39.753+08:00,2063
628,46.907000,2026-09-08T10:51:39.785+08:00,2064
629,46.922000,2026-09-08T10:51:39.800+08:00,2062
630,46.953000,2026-09-08T10:51:39.831+08:00,2061
631,46.985000,2026-09-08T10:51:39.863+08:00,2060
632,47.000000,2026-09-08T10:51:39.878+08:00,2058
633,47.032000,2026-09-08T10:51:39.910+08:00,2053
634,47.063000,2026-09-08T10:51:39.941+08:00,2053
635,47.078000,2026-09-08T10:51:39.956+08:00,2054
636,47.110000,2026-09-08T10:51:39.988+08:00,2048
637,47.125000,2026-09-08T10:51:40.003+08:00,2045
638,47.157000,2026-09-08T10:51:40.035+08:00,2049
639,47.188000,2026-09-08T10:51:40.066+08:00,2043
640,47.203000,2026-09-08T10:51:40.081+08:00,2047
641,47.235000,2026-09-08T10:51:40.113+08:00,2046
642,47.266000,2026-09-08T10:51:40.144+08:00,2049
643,47.282000,2026-09-08T10:51:40.160+08:00,2044
644,47.313000,2026-09-08T10:51:40.191+08:00,2049
645,47.344000,2026-09-08T10:51:40.222+08:00,2044
646,47.360000,2026-09-08T10:51:40.238+08:00,2046
647,47.391000,2026-09-08T10:51:40.269+08:00,2045
648,47.422000,2026-09-08T10:51:40.300+08:00,2046
649,47.438000,2026-09-08T10:51:40.316+08:00,2044
650,47.469000,2026-09-08T10:51:40.347+08:00,2042
651,47.500000,2026-09-08T10:51:40.378+08:00,2041
652,47.516000,2026-09-08T10:51:40.394+08:00,2039
653,47.547000,2026-09-08T10:51:40.425+08:00,2037
654,47.578000,2026-09-08T10:51:40.456+08:00,2033
655,47.594000,2026-09-08T10:51:40.472+08:00,2029
656,47.625000,2026-09-08T10:51:40.503+08:00,2026
657,47.657000,2026-09-08T10:51:40.535+08:00,2025
658,47.672000,2026-09-08T10:51:40.550+08:00,2023
659,47.703000,2026-09-08T10:51:40.581+08:00,2022
660,47.735000,2026-09-08T10:51:40.613+08:00,2018
661,47.750000,2026-09-08T10:51:40.628+08:00,2018
662,47.782000,2026-09-08T10:51:40.660+08:00,2021
663,47.813000,2026-09-08T10:51:40.691+08:00,2018
664,47.828000,2026-09-08T10:51:40.706+08:00,2023
665,47.860000,2026-09-08T10:51:40.738+08:00,2021
666,47.891000,2026-09-08T10:51:40.769+08:00,2020
667,47.907000,2026-09-08T10:51:40.785+08:00,2023
668,47.938000,2026-09-08T10:51:40.816+08:00,2024
669,47.969000,2026-09-08T10:51:40.847+08:00,2021
670,47.985000,2026-09-08T10:51:40.863+08:00,2022
671,48.016000,2026-09-08T10:51:40.894+08:00,2023
672,48.047000,2026-09-08T10:51:40.925+08:00,2025
673,48.063000,2026-09-08T10:51:40.941+08:00,2022
674,48.094000,2026-09-08T10:51:40.972+08:00,2021
675,48.125000,2026-09-08T10:51:41.003+08:00,2019
676,48.141000,2026-09-08T10:51:41.019+08:00,2018
677,48.172000,2026-09-08T10:51:41.050+08:00,2017
678,48.203000,2026-09-08T10:51:41.081+08:00,2014
679,48.219000,2026-09-08T10:51:41.097+08:00,2015
680,48.250000,2026-09-08T10:51:41.128+08:00,2013
681,48.282000,2026-09-08T10:51:41.160+08:00,2018
682,48.297000,2026-09-08T10:51:41.175+08:00,2017
683,48.328000,2026-09-08T10:51:41.206+08:00,2021
684,48.360000,2026-09-08T10:51:41.238+08:00,2020
685,48.375000,2026-09-08T10:51:41.253+08:00,2023
686,48.407000,2026-09-08T10:51:41.285+08:00,2024
687,48.438000,2026-09-08T10:51:41.316+08:00,2022
688,48.453000,2026-09-08T10:51:41.331+08:00,2026
689,48.485000,2026-09-08T10:51:41.363+08:00,2025
690,48.516000,2026-09-08T10:51:41.394+08:00,2025
691,48.532000,2026-09-08T10:51:41.410+08:00,2024
692,48.563000,2026-09-08T10:51:41.441+08:00,2024
693,48.594000,2026-09-08T10:51:41.472+08:00,2020
694,48.610000,2026-09-08T10:51:41.488+08:00,2024
695,48.641000,2026-09-08T10:51:41.519+08:00,2020
696,48.672000,2026-09-08T10:51:41.550+08:00,2016
697,48.688000,2026-09-08T10:51:41.566+08:00,2015
698,48.719000,2026-09-08T10:51:41.597+08:00,2014
699,48.750000,2026-09-08T10:51:41.628+08:00,2015
700,48.766000,2026-09-08T10:51:41.644+08:00,2014
701,48.797000,2026-09-08T10:51:41.675+08:00,2018
702,48.828000,2026-09-08T10:51:41.706+08:00,2018
703,48.844000,2026-09-08T10:51:41.722+08:00,2021
704,48.875000,2026-09-08T10:51:41.753+08:00,2023
705,48.907000,2026-09-08T10:51:41.785+08:00,2022
706,48.922000,2026-09-08T10:51:41.800+08:00,2026
707,48.953000,2026-09-08T10:51:41.831+08:00,2028
708,48.985000,2026-09-08T10:51:41.863+08:00,2027
709,49.000000,2026-09-08T10:51:41.878+08:00,2028
710,49.032000,2026-09-08T10:51:41.910+08:00,2030
711,49.063000,2026-09-08T10:51:41.941+08:00,2029
712,49.078000,2026-09-08T10:51:41.956+08:00,2031
713,49.110000,2026-09-08T10:51:41.988+08:00,2028
714,49.141000,2026-09-08T10:51:42.019+08:00,2027
715,49.157000,2026-09-08T10:51:42.035+08:00,2027
716,49.188000,2026-09-08T10:51:42.066+08:00,2022
717,49.219000,2026-09-08T10:51:42.097+08:00,2024
718,49.235000,2026-09-08T10:51:42.113+08:00,2024
719,49.266000,2026-09-08T10:51:42.144+08:00,2020
720,49.297000,2026-09-08T10:51:42.175+08:00,2018
721,49.313000,2026-09-08T10:51:42.191+08:00,2018
722,49.344000,2026-09-08T10:51:42.222+08:00,2021
723,49.375000,2026-09-08T10:51:42.253+08:00,2026
724,49.391000,2026-09-08T10:51:42.269+08:00,2023
725,49.422000,2026-09-08T10:51:42.300+08:00,2023
726,49.453000,2026-09-08T10:51:42.331+08:00,2024
727,49.469000,2026-09-08T10:51:42.347+08:00,2025
728,49.500000,2026-09-08T10:51:42.378+08:00,2023
729,49.532000,2026-09-08T10:51:42.410+08:00,2021
730,49.547000,2026-09-08T10:51:42.425+08:00,2022
731,49.578000,2026-09-08T10:51:42.456+08:00,2026
732,49.610000,2026-09-08T10:51:42.488+08:00,2023
733,49.625000,2026-09-08T10:51:42.503+08:00,2022
734,49.657000,2026-09-08T10:51:42.535+08:00,2022
735,49.688000,2026-09-08T10:51:42.566+08:00,2021
736,49.703000,2026-09-08T10:51:42.581+08:00,2022
737,49.735000,2026-09-08T10:51:42.613+08:00,2017
738,49.766000,2026-09-08T10:51:42.644+08:00,2017
739,49.782000,2026-09-08T10:51:42.660+08:00,2016
740,49.813000,2026-09-08T10:51:42.691+08:00,2019
741,49.844000,2026-09-08T10:51:42.722+08:00,2017
742,49.860000,2026-09-08T10:51:42.738+08:00,2018
743,49.891000,2026-09-08T10:51:42.769+08:00,2022
744,49.907000,2026-09-08T10:51:42.785+08:00,2023
745,49.938000,2026-09-08T10:51:42.816+08:00,2023
746,49.969000,2026-09-08T10:51:42.847+08:00,2023
747,50.000000,2026-09-08T10:51:42.878+08:00,2024
748,50.016000,2026-09-08T10:51:42.894+08:00,2024
749,50.047000,2026-09-08T10:51:42.925+08:00,2025
750,50.078000,2026-09-08T10:51:42.956+08:00,2025
751,50.094000,2026-09-08T10:51:42.972+08:00,2023
752,50.125000,2026-09-08T10:51:43.003+08:00,2023
753,50.157000,2026-09-08T10:51:43.035+08:00,2023
754,50.172000,2026-09-08T10:51:43.050+08:00,2023
755,50.203000,2026-09-08T10:51:43.081+08:00,2019
756,50.235000,2026-09-08T10:51:43.113+08:00,2019
757,50.250000,2026-09-08T10:51:43.128+08:00,2020
758,50.282000,2026-09-08T10:51:43.160+08:00,2019
759,50.297000,2026-09-08T10:51:43.175+08:00,2017
760,50.328000,2026-09-08T10:51:43.206+08:00,2016
761,50.360000,2026-09-08T10:51:43.238+08:00,2018
762,50.375000,2026-09-08T10:51:43.253+08:00,2018
763,50.407000,2026-09-08T10:51:43.285+08:00,2018
764,50.438000,2026-09-08T10:51:43.316+08:00,2021
765,50.453000,2026-09-08T10:51:43.331+08:00,2022
766,50.485000,2026-09-08T10:51:43.363+08:00,2030
767,50.516000,2026-09-08T10:51:43.394+08:00,2025
768,50.532000,2026-09-08T10:51:43.410+08:00,2024
769,50.563000,2026-09-08T10:51:43.441+08:00,2024
770,50.594000,2026-09-08T10:51:43.472+08:00,2024
771,50.610000,2026-09-08T10:51:43.488+08:00,2024
772,50.641000,2026-09-08T10:51:43.519+08:00,2024
773,50.672000,2026-09-08T10:51:43.550+08:00,2023
774,50.688000,2026-09-08T10:51:43.566+08:00,2022
775,50.719000,2026-09-08T10:51:43.597+08:00,2022
776,50.750000,2026-09-08T10:51:43.628+08:00,2020
777,50.766000,2026-09-08T10:51:43.644+08:00,2018
778,50.797000,2026-09-08T10:51:43.675+08:00,2017
779,50.828000,2026-09-08T10:51:43.706+08:00,2018
780,50.844000,2026-09-08T10:51:43.722+08:00,2017
781,50.875000,2026-09-08T10:51:43.753+08:00,2018
782,50.907000,2026-09-08T10:51:43.785+08:00,2019
783,50.922000,2026-09-08T10:51:43.800+08:00,2021
784,50.953000,2026-09-08T10:51:43.831+08:00,2025
785,50.985000,2026-09-08T10:51:43.863+08:00,2023
786,51.000000,2026-09-08T10:51:43.878+08:00,2024
787,51.032000,2026-09-08T10:51:43.910+08:00,2026
788,51.063000,2026-09-08T10:51:43.941+08:00,2027
789,51.078000,2026-09-08T10:51:43.956+08:00,2026
790,51.110000,2026-09-08T10:51:43.988+08:00,2028
791,51.141000,2026-09-08T10:51:44.019+08:00,2027
792,51.157000,2026-09-08T10:51:44.035+08:00,2024
793,51.188000,2026-09-08T10:51:44.066+08:00,2027
794,51.219000,2026-09-08T10:51:44.097+08:00,2025
795,51.235000,2026-09-08T10:51:44.113+08:00,2022
796,51.266000,2026-09-08T10:51:44.144+08:00,2018
797,51.297000,2026-09-08T10:51:44.175+08:00,2017
798,51.313000,2026-09-08T10:51:44.191+08:00,2018
799,51.344000,2026-09-08T10:51:44.222+08:00,2016
800,51.375000,2026-09-08T10:51:44.253+08:00,2019
801,51.391000,2026-09-08T10:51:44.269+08:00,2021
802,51.422000,2026-09-08T10:51:44.300+08:00,2022
803,51.453000,2026-09-08T10:51:44.331+08:00,2024
804,51.469000,2026-09-08T10:51:44.347+08:00,2025
805,51.500000,2026-09-08T10:51:44.378+08:00,2023
806,51.532000,2026-09-08T10:51:44.410+08:00,2028
807,51.547000,2026-09-08T10:51:44.425+08:00,2028
808,51.578000,2026-09-08T10:51:44.456+08:00,2027
809,51.610000,2026-09-08T10:51:44.488+08:00,2028
810,51.625000,2026-09-08T10:51:44.503+08:00,2032
811,51.657000,2026-09-08T10:51:44.535+08:00,2027
812,51.688000,2026-09-08T10:51:44.566+08:00,2029
813,51.703000,2026-09-08T10:51:44.581+08:00,2029
814,51.735000,2026-09-08T10:51:44.613+08:00,2026
815,51.766000,2026-09-08T10:51:44.644+08:00,2024
816,51.782000,2026-09-08T10:51:44.660+08:00,2020
817,51.813000,2026-09-08T10:51:44.691+08:00,2022
818,51.844000,2026-09-08T10:51:44.722+08:00,2022
819,51.860000,2026-09-08T10:51:44.738+08:00,2022
820,51.891000,2026-09-08T10:51:44.769+08:00,2020
821,51.922000,2026-09-08T10:51:44.800+08:00,2021
822,51.938000,2026-09-08T10:51:44.816+08:00,2022
823,51.969000,2026-09-08T10:51:44.847+08:00,2025
824,52.000000,2026-09-08T10:51:44.878+08:00,2026
825,52.016000,2026-09-08T10:51:44.894+08:00,2027
826,52.047000,2026-09-08T10:51:44.925+08:00,2029
827,52.078000,2026-09-08T10:51:44.956+08:00,2030
828,52.094000,2026-09-08T10:51:44.972+08:00,2029
829,52.125000,2026-09-08T10:51:45.003+08:00,2031
830,52.157000,2026-09-08T10:51:45.035+08:00,2031
831,52.172000,2026-09-08T10:51:45.050+08:00,2031
832,52.203000,2026-09-08T10:51:45.081+08:00,2034
833,52.235000,2026-09-08T10:51:45.113+08:00,2030
834,52.250000,2026-09-08T10:51:45.128+08:00,2029
835,52.282000,2026-09-08T10:51:45.160+08:00,2026
836,52.313000,2026-09-08T10:51:45.191+08:00,2027
837,52.328000,2026-09-08T10:51:45.206+08:00,2025
838,52.360000,2026-09-08T10:51:45.238+08:00,2025
839,52.391000,2026-09-08T10:51:45.269+08:00,2024
840,52.407000,2026-09-08T10:51:45.285+08:00,2026
841,52.438000,2026-09-08T10:51:45.316+08:00,2027
842,52.469000,2026-09-08T10:51:45.347+08:00,2026
843,52.485000,2026-09-08T10:51:45.363+08:00,2029
844,52.516000,2026-09-08T10:51:45.394+08:00,2029
845,52.547000,2026-09-08T10:51:45.425+08:00,2034
846,52.563000,2026-09-08T10:51:45.441+08:00,2034
847,52.594000,2026-09-08T10:51:45.472+08:00,2032
848,52.625000,2026-09-08T10:51:45.503+08:00,2032
849,52.641000,2026-09-08T10:51:45.519+08:00,2037
850,52.672000,2026-09-08T10:51:45.550+08:00,2034
851,52.703000,2026-09-08T10:51:45.581+08:00,2033
852,52.719000,2026-09-08T10:51:45.597+08:00,2035
853,52.750000,2026-09-08T10:51:45.628+08:00,2036
854,52.782000,2026-09-08T10:51:45.660+08:00,2035
855,52.797000,2026-09-08T10:51:45.675+08:00,2031
856,52.828000,2026-09-08T10:51:45.706+08:00,2029
857,52.860000,2026-09-08T10:51:45.738+08:00,2026
858,52.875000,2026-09-08T10:51:45.753+08:00,2029
859,52.907000,2026-09-08T10:51:45.785+08:00,2026
860,52.938000,2026-09-08T10:51:45.816+08:00,2028
861,52.953000,2026-09-08T10:51:45.831+08:00,2026
862,52.985000,2026-09-08T10:51:45.863+08:00,2029
863,53.016000,2026-09-08T10:51:45.894+08:00,2031
864,53.032000,2026-09-08T10:51:45.910+08:00,2029
865,53.063000,2026-09-08T10:51:45.941+08:00,2032
866,53.094000,2026-09-08T10:51:45.972+08:00,2035
867,53.110000,2026-09-08T10:51:45.988+08:00,2034
868,53.141000,2026-09-08T10:51:46.019+08:00,2037
869,53.172000,2026-09-08T10:51:46.050+08:00,2036
870,53.188000,2026-09-08T10:51:46.066+08:00,2037
871,53.219000,2026-09-08T10:51:46.097+08:00,2035
872,53.250000,2026-09-08T10:51:46.128+08:00,2033
873,53.266000,2026-09-08T10:51:46.144+08:00,2034
874,53.297000,2026-09-08T10:51:46.175+08:00,2035
875,53.313000,2026-09-08T10:51:46.191+08:00,2031
876,53.344000,2026-09-08T10:51:46.222+08:00,2030
877,53.375000,2026-09-08T10:51:46.253+08:00,2027
878,53.407000,2026-09-08T10:51:46.285+08:00,2027
879,53.422000,2026-09-08T10:51:46.300+08:00,2026
880,53.453000,2026-09-08T10:51:46.331+08:00,2028
881,53.485000,2026-09-08T10:51:46.363+08:00,2027
882,53.500000,2026-09-08T10:51:46.378+08:00,2027
883,53.532000,2026-09-08T10:51:46.410+08:00,2030
884,53.547000,2026-09-08T10:51:46.425+08:00,2027
885,53.578000,2026-09-08T10:51:46.456+08:00,2033
886,53.610000,2026-09-08T10:51:46.488+08:00,2029
887,53.625000,2026-09-08T10:51:46.503+08:00,2035
888,53.657000,2026-09-08T10:51:46.535+08:00,2033
889,53.688000,2026-09-08T10:51:46.566+08:00,2035
890,53.703000,2026-09-08T10:51:46.581+08:00,2036
891,53.735000,2026-09-08T10:51:46.613+08:00,2036
892,53.766000,2026-09-08T10:51:46.644+08:00,2035
893,53.782000,2026-09-08T10:51:46.660+08:00,2034
894,53.813000,2026-09-08T10:51:46.691+08:00,2033
895,53.844000,2026-09-08T10:51:46.722+08:00,2033
896,53.860000,2026-09-08T10:51:46.738+08:00,2031
897,53.891000,2026-09-08T10:51:46.769+08:00,2030
898,53.922000,2026-09-08T10:51:46.800+08:00,2028
899,53.938000,2026-09-08T10:51:46.816+08:00,2029
900,53.969000,2026-09-08T10:51:46.847+08:00,2029
901,54.000000,2026-09-08T10:51:46.878+08:00,2032
902,54.032000,2026-09-08T10:51:46.910+08:00,2033
903,54.047000,2026-09-08T10:51:46.925+08:00,2034
904,54.078000,2026-09-08T10:51:46.956+08:00,2035
905,54.094000,2026-09-08T10:51:46.972+08:00,2039
906,54.125000,2026-09-08T10:51:47.003+08:00,2040
907,54.157000,2026-09-08T10:51:47.035+08:00,2038
908,54.172000,2026-09-08T10:51:47.050+08:00,2038
909,54.203000,2026-09-08T10:51:47.081+08:00,2039
910,54.235000,2026-09-08T10:51:47.113+08:00,2038
911,54.250000,2026-09-08T10:51:47.128+08:00,2039
912,54.282000,2026-09-08T10:51:47.160+08:00,2036
913,54.313000,2026-09-08T10:51:47.191+08:00,2042
914,54.328000,2026-09-08T10:51:47.206+08:00,2035
915,54.360000,2026-09-08T10:51:47.238+08:00,2038
916,54.391000,2026-09-08T10:51:47.269+08:00,2033
917,54.407000,2026-09-08T10:51:47.285+08:00,2032
918,54.438000,2026-09-08T10:51:47.316+08:00,2030
919,54.469000,2026-09-08T10:51:47.347+08:00,2029
920,54.485000,2026-09-08T10:51:47.363+08:00,2031
921,54.516000,2026-09-08T10:51:47.394+08:00,2031
922,54.547000,2026-09-08T10:51:47.425+08:00,2031
923,54.563000,2026-09-08T10:51:47.441+08:00,2033
924,54.594000,2026-09-08T10:51:47.472+08:00,2036
925,54.625000,2026-09-08T10:51:47.503+08:00,2039
926,54.641000,2026-09-08T10:51:47.519+08:00,2035
927,54.672000,2026-09-08T10:51:47.550+08:00,2035
928,54.703000,2026-09-08T10:51:47.581+08:00,2037
929,54.719000,2026-09-08T10:51:47.597+08:00,2040
930,54.750000,2026-09-08T10:51:47.628+08:00,2039
931,54.782000,2026-09-08T10:51:47.660+08:00,2039
932,54.797000,2026-09-08T10:51:47.675+08:00,2039
933,54.828000,2026-09-08T10:51:47.706+08:00,2037
934,54.860000,2026-09-08T10:51:47.738+08:00,2038
935,54.875000,2026-09-08T10:51:47.753+08:00,2035
936,54.907000,2026-09-08T10:51:47.785+08:00,2034
937,54.938000,2026-09-08T10:51:47.816+08:00,2030
938,54.953000,2026-09-08T10:51:47.831+08:00,2030
939,54.985000,2026-09-08T10:51:47.863+08:00,2030
940,55.016000,2026-09-08T10:51:47.894+08:00,2031
941,55.032000,2026-09-08T10:51:47.910+08:00,2032
942,55.063000,2026-09-08T10:51:47.941+08:00,2038
943,55.094000,2026-09-08T10:51:47.972+08:00,2037
944,55.110000,2026-09-08T10:51:47.988+08:00,2040
945,55.141000,2026-09-08T10:51:48.019+08:00,2037
946,55.172000,2026-09-08T10:51:48.050+08:00,2040
947,55.188000,2026-09-08T10:51:48.066+08:00,2039
948,55.219000,2026-09-08T10:51:48.097+08:00,2040
949,55.250000,2026-09-08T10:51:48.128+08:00,2041
950,55.266000,2026-09-08T10:51:48.144+08:00,2042
951,55.297000,2026-09-08T10:51:48.175+08:00,2041
952,55.328000,2026-09-08T10:51:48.206+08:00,2041
953,55.344000,2026-09-08T10:51:48.222+08:00,2040
954,55.375000,2026-09-08T10:51:48.253+08:00,2041
955,55.407000,2026-09-08T10:51:48.285+08:00,2041
956,55.422000,2026-09-08T10:51:48.300+08:00,2040
957,55.453000,2026-09-08T10:51:48.331+08:00,2038
958,55.485000,2026-09-08T10:51:48.363+08:00,2034
959,55.500000,2026-09-08T10:51:48.378+08:00,2033
960,55.532000,2026-09-08T10:51:48.410+08:00,2035
961,55.563000,2026-09-08T10:51:48.441+08:00,2038
962,55.578000,2026-09-08T10:51:48.456+08:00,2037
963,55.610000,2026-09-08T10:51:48.488+08:00,2039
964,55.641000,2026-09-08T10:51:48.519+08:00,2041
965,55.657000,2026-09-08T10:51:48.535+08:00,2042
966,55.688000,2026-09-08T10:51:48.566+08:00,2041
967,55.719000,2026-09-08T10:51:48.597+08:00,2045
968,55.735000,2026-09-08T10:51:48.613+08:00,2044
969,55.766000,2026-09-08T10:51:48.644+08:00,2045
970,55.797000,2026-09-08T10:51:48.675+08:00,2045
971,55.813000,2026-09-08T10:51:48.691+08:00,2046
972,55.844000,2026-09-08T10:51:48.722+08:00,2042
973,55.875000,2026-09-08T10:51:48.753+08:00,2046
974,55.891000,2026-09-08T10:51:48.769+08:00,2045
975,55.922000,2026-09-08T10:51:48.800+08:00,2044
976,55.953000,2026-09-08T10:51:48.831+08:00,2043
977,55.969000,2026-09-08T10:51:48.847+08:00,2042
978,56.000000,2026-09-08T10:51:48.878+08:00,2038
979,56.032000,2026-09-08T10:51:48.910+08:00,2038
980,56.047000,2026-09-08T10:51:48.925+08:00,2038
981,56.078000,2026-09-08T10:51:48.956+08:00,2037
982,56.110000,2026-09-08T10:51:48.988+08:00,2041
983,56.125000,2026-09-08T10:51:49.003+08:00,2043
984,56.157000,2026-09-08T10:51:49.035+08:00,2044
985,56.188000,2026-09-08T10:51:49.066+08:00,2047
986,56.203000,2026-09-08T10:51:49.081+08:00,2047
987,56.235000,2026-09-08T10:51:49.113+08:00,2047
988,56.266000,2026-09-08T10:51:49.144+08:00,2044
989,56.282000,2026-09-08T10:51:49.160+08:00,2045
990,56.313000,2026-09-08T10:51:49.191+08:00,2047
991,56.344000,2026-09-08T10:51:49.222+08:00,2046
992,56.360000,2026-09-08T10:51:49.238+08:00,2045
993,56.391000,2026-09-08T10:51:49.269+08:00,2044
994,56.422000,2026-09-08T10:51:49.300+08:00,2042
995,56.438000,2026-09-08T10:51:49.316+08:00,2039
996,56.469000,2026-09-08T10:51:49.347+08:00,2041
997,56.500000,2026-09-08T10:51:49.378+08:00,2040
998,56.516000,2026-09-08T10:51:49.394+08:00,2039
999,56.547000,2026-09-08T10:51:49.425+08:00,2037
1000,56.578000,2026-09-08T10:51:49.456+08:00,2037
1001,56.594000,2026-09-08T10:51:49.472+08:00,2040
1002,56.625000,2026-09-08T10:51:49.503+08:00,2040
1003,56.657000,2026-09-08T10:51:49.535+08:00,2044
1004,56.672000,2026-09-08T10:51:49.550+08:00,2044
1005,56.703000,2026-09-08T10:51:49.581+08:00,2050
1006,56.735000,2026-09-08T10:51:49.613+08:00,2044
1007,56.750000,2026-09-08T10:51:49.628+08:00,2048
1008,56.782000,2026-09-08T10:51:49.660+08:00,2043
1009,56.813000,2026-09-08T10:51:49.691+08:00,2052
1010,56.828000,2026-09-08T10:51:49.706+08:00,2043
1011,56.860000,2026-09-08T10:51:49.738+08:00,2048
1012,56.875000,2026-09-08T10:51:49.753+08:00,2043
1013,56.907000,2026-09-08T10:51:49.785+08:00,2048
1014,56.938000,2026-09-08T10:51:49.816+08:00,2040
1015,56.953000,2026-09-08T10:51:49.831+08:00,2045
1016,56.985000,2026-09-08T10:51:49.863+08:00,2045
1017,57.016000,2026-09-08T10:51:49.894+08:00,2042
1018,57.032000,2026-09-08T10:51:49.910+08:00,2040
1019,57.063000,2026-09-08T10:51:49.941+08:00,2038
1020,57.094000,2026-09-08T10:51:49.972+08:00,2040
1021,57.110000,2026-09-08T10:51:49.988+08:00,2038
1022,57.141000,2026-09-08T10:51:50.019+08:00,2042
1023,57.172000,2026-09-08T10:51:50.050+08:00,2044
1024,57.188000,2026-09-08T10:51:50.066+08:00,2046
1025,57.219000,2026-09-08T10:51:50.097+08:00,2047
1026,57.250000,2026-09-08T10:51:50.128+08:00,2048
1027,57.266000,2026-09-08T10:51:50.144+08:00,2042
1028,57.297000,2026-09-08T10:51:50.175+08:00,2048
1029,57.328000,2026-09-08T10:51:50.206+08:00,2042
1030,57.344000,2026-09-08T10:51:50.222+08:00,2048
1031,57.375000,2026-09-08T10:51:50.253+08:00,2042
1032,57.407000,2026-09-08T10:51:50.285+08:00,2046
1033,57.422000,2026-09-08T10:51:50.300+08:00,2045
1034,57.453000,2026-09-08T10:51:50.331+08:00,2046
1035,57.485000,2026-09-08T10:51:50.363+08:00,2045
1036,57.500000,2026-09-08T10:51:50.378+08:00,2046
1037,57.532000,2026-09-08T10:51:50.410+08:00,2041
1038,57.563000,2026-09-08T10:51:50.441+08:00,2038
1039,57.578000,2026-09-08T10:51:50.456+08:00,2040
1040,57.610000,2026-09-08T10:51:50.488+08:00,2041
1041,57.641000,2026-09-08T10:51:50.519+08:00,2042
1042,57.657000,2026-09-08T10:51:50.535+08:00,2043
1043,57.688000,2026-09-08T10:51:50.566+08:00,2048
1044,57.719000,2026-09-08T10:51:50.597+08:00,2043
1045,57.735000,2026-09-08T10:51:50.613+08:00,2051
1046,57.766000,2026-09-08T10:51:50.644+08:00,2045
1047,57.797000,2026-09-08T10:51:50.675+08:00,2052
1048,57.813000,2026-09-08T10:51:50.691+08:00,2046
1049,57.844000,2026-09-08T10:51:50.722+08:00,2052
1050,57.875000,2026-09-08T10:51:50.753+08:00,2046
1051,57.891000,2026-09-08T10:51:50.769+08:00,2050
1052,57.922000,2026-09-08T10:51:50.800+08:00,2047
1053,57.953000,2026-09-08T10:51:50.831+08:00,2051
1054,57.969000,2026-09-08T10:51:50.847+08:00,2044
1055,58.000000,2026-09-08T10:51:50.878+08:00,2047
1056,58.032000,2026-09-08T10:51:50.910+08:00,2046
1057,58.047000,2026-09-08T10:51:50.925+08:00,2043
1058,58.078000,2026-09-08T10:51:50.956+08:00,2047
1059,58.110000,2026-09-08T10:51:50.988+08:00,2040
1060,58.125000,2026-09-08T10:51:51.003+08:00,2043
1061,58.157000,2026-09-08T10:51:51.035+08:00,2043
1062,58.188000,2026-09-08T10:51:51.066+08:00,2046
1063,58.203000,2026-09-08T10:51:51.081+08:00,2048
1064,58.235000,2026-09-08T10:51:51.113+08:00,2045
1065,58.266000,2026-09-08T10:51:51.144+08:00,2051
1066,58.282000,2026-09-08T10:51:51.160+08:00,2045
1067,58.313000,2026-09-08T10:51:51.191+08:00,2049
1068,58.344000,2026-09-08T10:51:51.222+08:00,2047
1069,58.360000,2026-09-08T10:51:51.238+08:00,2052
1070,58.391000,2026-09-08T10:51:51.269+08:00,2050
1071,58.422000,2026-09-08T10:51:51.300+08:00,2051
1072,58.438000,2026-09-08T10:51:51.316+08:00,2051
1073,58.469000,2026-09-08T10:51:51.347+08:00,2048
1074,58.500000,2026-09-08T10:51:51.378+08:00,2047
1075,58.516000,2026-09-08T10:51:51.394+08:00,2050
1076,58.547000,2026-09-08T10:51:51.425+08:00,2046
1077,58.578000,2026-09-08T10:51:51.456+08:00,2049
1078,58.594000,2026-09-08T10:51:51.472+08:00,2044
1079,58.625000,2026-09-08T10:51:51.503+08:00,2045
1080,58.657000,2026-09-08T10:51:51.535+08:00,2045
1081,58.672000,2026-09-08T10:51:51.550+08:00,2046
1082,58.703000,2026-09-08T10:51:51.581+08:00,2047
1083,58.735000,2026-09-08T10:51:51.613+08:00,2050
1084,58.750000,2026-09-08T10:51:51.628+08:00,2044
1085,58.782000,2026-09-08T10:51:51.660+08:00,2049
1086,58.813000,2026-09-08T10:51:51.691+08:00,2050
1087,58.828000,2026-09-08T10:51:51.706+08:00,2047
1088,58.860000,2026-09-08T10:51:51.738+08:00,2056
1089,58.891000,2026-09-08T10:51:51.769+08:00,2048
1090,58.907000,2026-09-08T10:51:51.785+08:00,2050
1091,58.938000,2026-09-08T10:51:51.816+08:00,2049
1092,58.969000,2026-09-08T10:51:51.847+08:00,2049
1093,58.985000,2026-09-08T10:51:51.863+08:00,2048
1094,59.016000,2026-09-08T10:51:51.894+08:00,2046
1095,59.047000,2026-09-08T10:51:51.925+08:00,2049
1096,59.063000,2026-09-08T10:51:51.941+08:00,2041
1097,59.094000,2026-09-08T10:51:51.972+08:00,2044
1098,59.125000,2026-09-08T10:51:52.003+08:00,2043
1099,59.141000,2026-09-08T10:51:52.019+08:00,2046
1100,59.172000,2026-09-08T10:51:52.050+08:00,2040
1101,59.203000,2026-09-08T10:51:52.081+08:00,2044
1102,59.219000,2026-09-08T10:51:52.097+08:00,2044
1103,59.250000,2026-09-08T10:51:52.128+08:00,2043
1104,59.282000,2026-09-08T10:51:52.160+08:00,2047
1105,59.297000,2026-09-08T10:51:52.175+08:00,2048
1106,59.328000,2026-09-08T10:51:52.206+08:00,2044
1107,59.360000,2026-09-08T10:51:52.238+08:00,2049
1108,59.375000,2026-09-08T10:51:52.253+08:00,2045
1109,59.407000,2026-09-08T10:51:52.285+08:00,2049
1110,59.438000,2026-09-08T10:51:52.316+08:00,2046
1111,59.453000,2026-09-08T10:51:52.331+08:00,2048
1112,59.485000,2026-09-08T10:51:52.363+08:00,2044
1113,59.516000,2026-09-08T10:51:52.394+08:00,2051
1114,59.532000,2026-09-08T10:51:52.410+08:00,2044
1115,59.563000,2026-09-08T10:51:52.441+08:00,2048
1116,59.594000,2026-09-08T10:51:52.472+08:00,2042
1117,59.610000,2026-09-08T10:51:52.488+08:00,2046
1118,59.641000,2026-09-08T10:51:52.519+08:00,2043
1119,59.672000,2026-09-08T10:51:52.550+08:00,2043
1120,59.688000,2026-09-08T10:51:52.566+08:00,2042
1121,59.719000,2026-09-08T10:51:52.597+08:00,2044
1122,59.735000,2026-09-08T10:51:52.613+08:00,2045
1123,59.766000,2026-09-08T10:51:52.644+08:00,2046
1124,59.797000,2026-09-08T10:51:52.675+08:00,2051
1125,59.828000,2026-09-08T10:51:52.706+08:00,2045
1126,59.844000,2026-09-08T10:51:52.722+08:00,2052
1127,59.875000,2026-09-08T10:51:52.753+08:00,2050
1128,59.907000,2026-09-08T10:51:52.785+08:00,2053
1129,59.922000,2026-09-08T10:51:52.800+08:00,2052
1130,59.953000,2026-09-08T10:51:52.831+08:00,2053
1131,59.969000,2026-09-08T10:51:52.847+08:00,2052
1132,60.000000,2026-09-08T10:51:52.878+08:00,2054
1133,60.032000,2026-09-08T10:51:52.910+08:00,2055
1134,60.047000,2026-09-08T10:51:52.925+08:00,2053
1135,60.078000,2026-09-08T10:51:52.956+08:00,2051
1136,60.110000,2026-09-08T10:51:52.988+08:00,2048
1137,60.125000,2026-09-08T10:51:53.003+08:00,2046
1138,60.157000,2026-09-08T10:51:53.035+08:00,2049
1139,60.188000,2026-09-08T10:51:53.066+08:00,2047
1140,60.203000,2026-09-08T10:51:53.081+08:00,2049
1141,60.235000,2026-09-08T10:51:53.113+08:00,2045
1142,60.266000,2026-09-08T10:51:53.144+08:00,2054
1143,60.282000,2026-09-08T10:51:53.160+08:00,2050
1144,60.313000,2026-09-08T10:51:53.191+08:00,2049
1145,60.344000,2026-09-08T10:51:53.222+08:00,2052
1146,60.360000,2026-09-08T10:51:53.238+08:00,2053
1147,60.391000,2026-09-08T10:51:53.269+08:00,2056
1148,60.422000,2026-09-08T10:51:53.300+08:00,2054
1149,60.438000,2026-09-08T10:51:53.316+08:00,2055
1150,60.469000,2026-09-08T10:51:53.347+08:00,2053
1151,60.500000,2026-09-08T10:51:53.378+08:00,2051
1152,60.516000,2026-09-08T10:51:53.394+08:00,2054
1153,60.547000,2026-09-08T10:51:53.425+08:00,2049
1154,60.578000,2026-09-08T10:51:53.456+08:00,2052
1155,60.594000,2026-09-08T10:51:53.472+08:00,2048
1156,60.625000,2026-09-08T10:51:53.503+08:00,2051
1157,60.657000,2026-09-08T10:51:53.535+08:00,2043
1158,60.672000,2026-09-08T10:51:53.550+08:00,2048
1159,60.703000,2026-09-08T10:51:53.581+08:00,2045
1160,60.735000,2026-09-08T10:51:53.613+08:00,2050
1161,60.750000,2026-09-08T10:51:53.628+08:00,2044
1162,60.782000,2026-09-08T10:51:53.660+08:00,2048
1163,60.813000,2026-09-08T10:51:53.691+08:00,2051
1164,60.828000,2026-09-08T10:51:53.706+08:00,2051
1165,60.860000,2026-09-08T10:51:53.738+08:00,2055
1166,60.891000,2026-09-08T10:51:53.769+08:00,2051
1167,60.907000,2026-09-08T10:51:53.785+08:00,2053
1168,60.938000,2026-09-08T10:51:53.816+08:00,2054
1169,60.969000,2026-09-08T10:51:53.847+08:00,2054
1170,60.985000,2026-09-08T10:51:53.863+08:00,2057
1171,61.016000,2026-09-08T10:51:53.894+08:00,2055
1172,61.047000,2026-09-08T10:51:53.925+08:00,2055
1173,61.063000,2026-09-08T10:51:53.941+08:00,2058
1174,61.094000,2026-09-08T10:51:53.972+08:00,2053
1175,61.125000,2026-09-08T10:51:54.003+08:00,2056
1176,61.141000,2026-09-08T10:51:54.019+08:00,2054
1177,61.172000,2026-09-08T10:51:54.050+08:00,2055
1178,61.203000,2026-09-08T10:51:54.081+08:00,2055
1179,61.219000,2026-09-08T10:51:54.097+08:00,2053
1180,61.250000,2026-09-08T10:51:54.128+08:00,2054
1181,61.282000,2026-09-08T10:51:54.160+08:00,2059
1182,61.297000,2026-09-08T10:51:54.175+08:00,2059
1183,61.328000,2026-09-08T10:51:54.206+08:00,2064
1184,61.360000,2026-09-08T10:51:54.238+08:00,2064
1185,61.375000,2026-09-08T10:51:54.253+08:00,2070
1186,61.407000,2026-09-08T10:51:54.285+08:00,2069
1187,61.438000,2026-09-08T10:51:54.316+08:00,2070
1188,61.453000,2026-09-08T10:51:54.331+08:00,2070
1189,61.485000,2026-09-08T10:51:54.363+08:00,2068
1190,61.516000,2026-09-08T10:51:54.394+08:00,2070
1191,61.532000,2026-09-08T10:51:54.410+08:00,2069
1192,61.563000,2026-09-08T10:51:54.441+08:00,2069
1193,61.594000,2026-09-08T10:51:54.472+08:00,2067
1194,61.610000,2026-09-08T10:51:54.488+08:00,2067
1195,61.641000,2026-09-08T10:51:54.519+08:00,2066
1196,61.672000,2026-09-08T10:51:54.550+08:00,2067
1197,61.688000,2026-09-08T10:51:54.566+08:00,2064
1198,61.719000,2026-09-08T10:51:54.597+08:00,2064
1199,61.750000,2026-09-08T10:51:54.628+08:00,2064
1200,61.766000,2026-09-08T10:51:54.644+08:00,2067
1201,61.797000,2026-09-08T10:51:54.675+08:00,2066
1202,61.828000,2026-09-08T10:51:54.706+08:00,2069
1203,61.844000,2026-09-08T10:51:54.722+08:00,2072
1204,61.875000,2026-09-08T10:51:54.753+08:00,2074
1205,61.907000,2026-09-08T10:51:54.785+08:00,2073
1206,61.922000,2026-09-08T10:51:54.800+08:00,2073
1207,61.953000,2026-09-08T10:51:54.831+08:00,2075
1208,61.985000,2026-09-08T10:51:54.863+08:00,2074
1209,62.000000,2026-09-08T10:51:54.878+08:00,2075
1210,62.032000,2026-09-08T10:51:54.910+08:00,2073
1211,62.063000,2026-09-08T10:51:54.941+08:00,2077
1212,62.078000,2026-09-08T10:51:54.956+08:00,2075
1213,62.110000,2026-09-08T10:51:54.988+08:00,2077
1214,62.141000,2026-09-08T10:51:55.019+08:00,2075
1215,62.157000,2026-09-08T10:51:55.035+08:00,2077
1216,62.188000,2026-09-08T10:51:55.066+08:00,2072
1217,62.219000,2026-09-08T10:51:55.097+08:00,2073
1218,62.235000,2026-09-08T10:51:55.113+08:00,2076
1219,62.266000,2026-09-08T10:51:55.144+08:00,2072
1220,62.297000,2026-09-08T10:51:55.175+08:00,2075
1221,62.313000,2026-09-08T10:51:55.191+08:00,2077
1222,62.344000,2026-09-08T10:51:55.222+08:00,2080
1223,62.375000,2026-09-08T10:51:55.253+08:00,2083
1224,62.391000,2026-09-08T10:51:55.269+08:00,2085
1225,62.422000,2026-09-08T10:51:55.300+08:00,2087
1226,62.453000,2026-09-08T10:51:55.331+08:00,2088
1227,62.469000,2026-09-08T10:51:55.347+08:00,2090
1228,62.500000,2026-09-08T10:51:55.378+08:00,2088
1229,62.532000,2026-09-08T10:51:55.410+08:00,2088
1230,62.547000,2026-09-08T10:51:55.425+08:00,2088
1231,62.578000,2026-09-08T10:51:55.456+08:00,2093
1232,62.610000,2026-09-08T10:51:55.488+08:00,2090
1233,62.625000,2026-09-08T10:51:55.503+08:00,2089
1234,62.657000,2026-09-08T10:51:55.535+08:00,2088
1235,62.688000,2026-09-08T10:51:55.566+08:00,2085
1236,62.703000,2026-09-08T10:51:55.581+08:00,2084
1237,62.735000,2026-09-08T10:51:55.613+08:00,2081
1238,62.766000,2026-09-08T10:51:55.644+08:00,2081
1239,62.782000,2026-09-08T10:51:55.660+08:00,2078
1240,62.813000,2026-09-08T10:51:55.691+08:00,2076
1241,62.828000,2026-09-08T10:51:55.706+08:00,2072
1242,62.860000,2026-09-08T10:51:55.738+08:00,2078
1243,62.891000,2026-09-08T10:51:55.769+08:00,2075
1244,62.922000,2026-09-08T10:51:55.800+08:00,2080
1245,62.938000,2026-09-08T10:51:55.816+08:00,2078
1246,62.969000,2026-09-08T10:51:55.847+08:00,2081
1247,63.000000,2026-09-08T10:51:55.878+08:00,2079
1248,63.016000,2026-09-08T10:51:55.894+08:00,2076
1249,63.047000,2026-09-08T10:51:55.925+08:00,2078
1250,63.078000,2026-09-08T10:51:55.956+08:00,2077
1251,63.094000,2026-09-08T10:51:55.972+08:00,2076
1252,63.125000,2026-09-08T10:51:56.003+08:00,2073
1253,63.141000,2026-09-08T10:51:56.019+08:00,2072
1254,63.172000,2026-09-08T10:51:56.050+08:00,2070
1255,63.203000,2026-09-08T10:51:56.081+08:00,2066
1256,63.219000,2026-09-08T10:51:56.097+08:00,2064
1257,63.250000,2026-09-08T10:51:56.128+08:00,2063
1258,63.282000,2026-09-08T10:51:56.160+08:00,2062
1259,63.297000,2026-09-08T10:51:56.175+08:00,2060
1260,63.328000,2026-09-08T10:51:56.206+08:00,2057
1261,63.360000,2026-09-08T10:51:56.238+08:00,2056
1262,63.375000,2026-09-08T10:51:56.253+08:00,2057
1263,63.407000,2026-09-08T10:51:56.285+08:00,2059
1264,63.438000,2026-09-08T10:51:56.316+08:00,2060
1265,63.453000,2026-09-08T10:51:56.331+08:00,2057
1266,63.485000,2026-09-08T10:51:56.363+08:00,2061
1267,63.516000,2026-09-08T10:51:56.394+08:00,2062
1268,63.532000,2026-09-08T10:51:56.410+08:00,2058
1269,63.563000,2026-09-08T10:51:56.441+08:00,2059
1270,63.594000,2026-09-08T10:51:56.472+08:00,2058
1271,63.610000,2026-09-08T10:51:56.488+08:00,2059
1272,63.641000,2026-09-08T10:51:56.519+08:00,2057
1273,63.672000,2026-09-08T10:51:56.550+08:00,2056
1274,63.688000,2026-09-08T10:51:56.566+08:00,2053
1275,63.719000,2026-09-08T10:51:56.597+08:00,2051
1276,63.750000,2026-09-08T10:51:56.628+08:00,2048
1277,63.766000,2026-09-08T10:51:56.644+08:00,2045
1278,63.797000,2026-09-08T10:51:56.675+08:00,2047
1279,63.828000,2026-09-08T10:51:56.706+08:00,2046
1280,63.844000,2026-09-08T10:51:56.722+08:00,2043
1281,63.875000,2026-09-08T10:51:56.753+08:00,2044
1282,63.907000,2026-09-08T10:51:56.785+08:00,2044
1283,63.922000,2026-09-08T10:51:56.800+08:00,2045
1284,63.953000,2026-09-08T10:51:56.831+08:00,2048
1285,63.985000,2026-09-08T10:51:56.863+08:00,2043
1286,64.000000,2026-09-08T10:51:56.878+08:00,2048
1287,64.032000,2026-09-08T10:51:56.910+08:00,2045
1288,64.063000,2026-09-08T10:51:56.941+08:00,2049
1289,64.078000,2026-09-08T10:51:56.956+08:00,2044
1290,64.110000,2026-09-08T10:51:56.988+08:00,2050
1291,64.141000,2026-09-08T10:51:57.019+08:00,2046
1292,64.157000,2026-09-08T10:51:57.035+08:00,2047
1293,64.188000,2026-09-08T10:51:57.066+08:00,2050
1294,64.219000,2026-09-08T10:51:57.097+08:00,2043
1295,64.235000,2026-09-08T10:51:57.113+08:00,2045
1296,64.266000,2026-09-08T10:51:57.144+08:00,2047
1297,64.297000,2026-09-08T10:51:57.175+08:00,2043
1298,64.313000,2026-09-08T10:51:57.191+08:00,2041
1299,64.344000,2026-09-08T10:51:57.222+08:00,2040
1300,64.375000,2026-09-08T10:51:57.253+08:00,2040
1301,64.391000,2026-09-08T10:51:57.269+08:00,2044
1302,64.422000,2026-09-08T10:51:57.300+08:00,2042
1303,64.453000,2026-09-08T10:51:57.331+08:00,2041
1304,64.469000,2026-09-08T10:51:57.347+08:00,2042
1305,64.500000,2026-09-08T10:51:57.378+08:00,2047
1306,64.532000,2026-09-08T10:51:57.410+08:00,2048
1307,64.547000,2026-09-08T10:51:57.425+08:00,2044
1308,64.578000,2026-09-08T10:51:57.456+08:00,2049
1309,64.610000,2026-09-08T10:51:57.488+08:00,2044
1310,64.625000,2026-09-08T10:51:57.503+08:00,2051
1311,64.657000,2026-09-08T10:51:57.535+08:00,2043
1312,64.688000,2026-09-08T10:51:57.566+08:00,2048
1313,64.703000,2026-09-08T10:51:57.581+08:00,2045
1314,64.735000,2026-09-08T10:51:57.613+08:00,2048
1315,64.766000,2026-09-08T10:51:57.644+08:00,2042
1316,64.782000,2026-09-08T10:51:57.660+08:00,2046
1317,64.813000,2026-09-08T10:51:57.691+08:00,2042
1318,64.844000,2026-09-08T10:51:57.722+08:00,2035
1319,64.860000,2026-09-08T10:51:57.738+08:00,2039
1320,64.891000,2026-09-08T10:51:57.769+08:00,2037
1321,64.922000,2026-09-08T10:51:57.800+08:00,2039
1322,64.938000,2026-09-08T10:51:57.816+08:00,2037
1323,64.969000,2026-09-08T10:51:57.847+08:00,2038
1324,65.000000,2026-09-08T10:51:57.878+08:00,2038
1325,65.016000,2026-09-08T10:51:57.894+08:00,2041
1326,65.047000,2026-09-08T10:51:57.925+08:00,2045
1327,65.078000,2026-09-08T10:51:57.956+08:00,2042
1328,65.094000,2026-09-08T10:51:57.972+08:00,2048
1329,65.125000,2026-09-08T10:51:58.003+08:00,2043
1330,65.157000,2026-09-08T10:51:58.035+08:00,2048
1331,65.172000,2026-09-08T10:51:58.050+08:00,2046
1332,65.203000,2026-09-08T10:51:58.081+08:00,2053
1333,65.235000,2026-09-08T10:51:58.113+08:00,2049
1334,65.250000,2026-09-08T10:51:58.128+08:00,2052
1335,65.282000,2026-09-08T10:51:58.160+08:00,2051
1336,65.313000,2026-09-08T10:51:58.191+08:00,2057
1337,65.328000,2026-09-08T10:51:58.206+08:00,2060
1338,65.360000,2026-09-08T10:51:58.238+08:00,2062
1339,65.391000,2026-09-08T10:51:58.269+08:00,2069
1340,65.407000,2026-09-08T10:51:58.285+08:00,2073
1341,65.438000,2026-09-08T10:51:58.316+08:00,2082
1342,65.469000,2026-09-08T10:51:58.347+08:00,2090
1343,65.485000,2026-09-08T10:51:58.363+08:00,2099
1344,65.516000,2026-09-08T10:51:58.394+08:00,2112
1345,65.547000,2026-09-08T10:51:58.425+08:00,2123
1346,65.563000,2026-09-08T10:51:58.441+08:00,2135
1347,65.594000,2026-09-08T10:51:58.472+08:00,2144
1348,65.625000,2026-09-08T10:51:58.503+08:00,2162
1349,65.641000,2026-09-08T10:51:58.519+08:00,2175
1350,65.672000,2026-09-08T10:51:58.550+08:00,2184
1351,65.703000,2026-09-08T10:51:58.581+08:00,2200
1352,65.719000,2026-09-08T10:51:58.597+08:00,2215
1353,65.750000,2026-09-08T10:51:58.628+08:00,2230
1354,65.782000,2026-09-08T10:51:58.660+08:00,2243
1355,65.797000,2026-09-08T10:51:58.675+08:00,2256
1356,65.828000,2026-09-08T10:51:58.706+08:00,2272
1357,65.860000,2026-09-08T10:51:58.738+08:00,2282
1358,65.875000,2026-09-08T10:51:58.753+08:00,2296
1359,65.907000,2026-09-08T10:51:58.785+08:00,2309
1360,65.922000,2026-09-08T10:51:58.800+08:00,2326
1361,65.953000,2026-09-08T10:51:58.831+08:00,2338
1362,65.985000,2026-09-08T10:51:58.863+08:00,2350
1363,66.016000,2026-09-08T10:51:58.894+08:00,2359
1364,66.032000,2026-09-08T10:51:58.910+08:00,2372
1365,66.063000,2026-09-08T10:51:58.941+08:00,2375
1366,66.094000,2026-09-08T10:51:58.972+08:00,2381
1367,66.110000,2026-09-08T10:51:58.988+08:00,2380
1368,66.141000,2026-09-08T10:51:59.019+08:00,2379
1369,66.172000,2026-09-08T10:51:59.050+08:00,2377
1370,66.188000,2026-09-08T10:51:59.066+08:00,2373
1371,66.219000,2026-09-08T10:51:59.097+08:00,2367
1372,66.250000,2026-09-08T10:51:59.128+08:00,2354
1373,66.266000,2026-09-08T10:51:59.144+08:00,2337
1374,66.297000,2026-09-08T10:51:59.175+08:00,2324
1375,66.313000,2026-09-08T10:51:59.191+08:00,2305
1376,66.344000,2026-09-08T10:51:59.222+08:00,2283
1377,66.375000,2026-09-08T10:51:59.253+08:00,2262
1378,66.391000,2026-09-08T10:51:59.269+08:00,2237
1379,66.422000,2026-09-08T10:51:59.300+08:00,2215
1380,66.453000,2026-09-08T10:51:59.331+08:00,2190
1381,66.469000,2026-09-08T10:51:59.347+08:00,2167
1382,66.500000,2026-09-08T10:51:59.378+08:00,2144
1383,66.532000,2026-09-08T10:51:59.410+08:00,2119
1384,66.547000,2026-09-08T10:51:59.425+08:00,2093
1385,66.578000,2026-09-08T10:51:59.456+08:00,2073
1386,66.610000,2026-09-08T10:51:59.488+08:00,2048
1387,66.625000,2026-09-08T10:51:59.503+08:00,2029
1388,66.657000,2026-09-08T10:51:59.535+08:00,2011
1389,66.688000,2026-09-08T10:51:59.566+08:00,1993
1390,66.703000,2026-09-08T10:51:59.581+08:00,1973
1391,66.735000,2026-09-08T10:51:59.613+08:00,1954
1392,66.766000,2026-09-08T10:51:59.644+08:00,1942
1393,66.782000,2026-09-08T10:51:59.660+08:00,1927
1394,66.813000,2026-09-08T10:51:59.691+08:00,1910
1395,66.844000,2026-09-08T10:51:59.722+08:00,1896
1396,66.860000,2026-09-08T10:51:59.738+08:00,1889
1397,66.891000,2026-09-08T10:51:59.769+08:00,1880
1398,66.922000,2026-09-08T10:51:59.800+08:00,1872
1399,66.938000,2026-09-08T10:51:59.816+08:00,1866
1400,66.969000,2026-09-08T10:51:59.847+08:00,1862
1401,67.000000,2026-09-08T10:51:59.878+08:00,1865
1402,67.016000,2026-09-08T10:51:59.894+08:00,1863
1403,67.047000,2026-09-08T10:51:59.925+08:00,1870
1404,67.078000,2026-09-08T10:51:59.956+08:00,1877
1405,67.094000,2026-09-08T10:51:59.972+08:00,1883
1406,67.125000,2026-09-08T10:52:00.003+08:00,1889
1407,67.157000,2026-09-08T10:52:00.035+08:00,1895
1408,67.172000,2026-09-08T10:52:00.050+08:00,1902
1409,67.203000,2026-09-08T10:52:00.081+08:00,1910
1410,67.235000,2026-09-08T10:52:00.113+08:00,1919
1411,67.250000,2026-09-08T10:52:00.128+08:00,1925
1412,67.282000,2026-09-08T10:52:00.160+08:00,1934
1413,67.313000,2026-09-08T10:52:00.191+08:00,1940
1414,67.328000,2026-09-08T10:52:00.206+08:00,1947
1415,67.360000,2026-09-08T10:52:00.238+08:00,1952
1416,67.391000,2026-09-08T10:52:00.269+08:00,1958
1417,67.407000,2026-09-08T10:52:00.285+08:00,1963
1418,67.438000,2026-09-08T10:52:00.316+08:00,1970
1419,67.469000,2026-09-08T10:52:00.347+08:00,1976
1420,67.485000,2026-09-08T10:52:00.363+08:00,1979
1421,67.516000,2026-09-08T10:52:00.394+08:00,1987
1422,67.547000,2026-09-08T10:52:00.425+08:00,1989
1423,67.563000,2026-09-08T10:52:00.441+08:00,1998
1424,67.594000,2026-09-08T10:52:00.472+08:00,2002
1425,67.625000,2026-09-08T10:52:00.503+08:00,2008
1426,67.641000,2026-09-08T10:52:00.519+08:00,2014
1427,67.672000,2026-09-08T10:52:00.550+08:00,2014
1428,67.703000,2026-09-08T10:52:00.581+08:00,2018
1429,67.719000,2026-09-08T10:52:00.597+08:00,2020
1430,67.750000,2026-09-08T10:52:00.628+08:00,2021
1431,67.782000,2026-09-08T10:52:00.660+08:00,2024
1432,67.797000,2026-09-08T10:52:00.675+08:00,2024
1433,67.828000,2026-09-08T10:52:00.706+08:00,2025
1434,67.860000,2026-09-08T10:52:00.738+08:00,2024
1435,67.875000,2026-09-08T10:52:00.753+08:00,2027
1436,67.907000,2026-09-08T10:52:00.785+08:00,2028
1437,67.938000,2026-09-08T10:52:00.816+08:00,2023
1438,67.953000,2026-09-08T10:52:00.831+08:00,2026
1439,67.985000,2026-09-08T10:52:00.863+08:00,2025
1440,68.016000,2026-09-08T10:52:00.894+08:00,2024
1441,68.032000,2026-09-08T10:52:00.910+08:00,2027
1442,68.063000,2026-09-08T10:52:00.941+08:00,2030
1443,68.094000,2026-09-08T10:52:00.972+08:00,2031
1444,68.110000,2026-09-08T10:52:00.988+08:00,2037
1445,68.141000,2026-09-08T10:52:01.019+08:00,2035
1446,68.172000,2026-09-08T10:52:01.050+08:00,2038
1447,68.188000,2026-09-08T10:52:01.066+08:00,2039
1448,68.219000,2026-09-08T10:52:01.097+08:00,2040
1449,68.250000,2026-09-08T10:52:01.128+08:00,2043
1450,68.266000,2026-09-08T10:52:01.144+08:00,2041
1451,68.297000,2026-09-08T10:52:01.175+08:00,2043
1452,68.328000,2026-09-08T10:52:01.206+08:00,2044
1453,68.344000,2026-09-08T10:52:01.222+08:00,2045
1454,68.375000,2026-09-08T10:52:01.253+08:00,2045
1455,68.407000,2026-09-08T10:52:01.285+08:00,2047
1456,68.422000,2026-09-08T10:52:01.300+08:00,2042
1457,68.453000,2026-09-08T10:52:01.331+08:00,2042
1458,68.485000,2026-09-08T10:52:01.363+08:00,2043
1459,68.500000,2026-09-08T10:52:01.378+08:00,2041
1460,68.532000,2026-09-08T10:52:01.410+08:00,2042
1461,68.563000,2026-09-08T10:52:01.441+08:00,2043
1462,68.578000,2026-09-08T10:52:01.456+08:00,2047
1463,68.610000,2026-09-08T10:52:01.488+08:00,2047
1464,68.641000,2026-09-08T10:52:01.519+08:00,2052
1465,68.657000,2026-09-08T10:52:01.535+08:00,2049
1466,68.688000,2026-09-08T10:52:01.566+08:00,2052
1467,68.719000,2026-09-08T10:52:01.597+08:00,2052
1468,68.735000,2026-09-08T10:52:01.613+08:00,2053
1469,68.766000,2026-09-08T10:52:01.644+08:00,2053
1470,68.797000,2026-09-08T10:52:01.675+08:00,2053
1471,68.813000,2026-09-08T10:52:01.691+08:00,2056
1472,68.844000,2026-09-08T10:52:01.722+08:00,2057
1473,68.891000,2026-09-08T10:52:01.769+08:00,2056
1474,68.938000,2026-09-08T10:52:01.816+08:00,2054
1475,68.985000,2026-09-08T10:52:01.863+08:00,2052
1476,69.032000,2026-09-08T10:52:01.910+08:00,2052
1477,69.063000,2026-09-08T10:52:01.941+08:00,2053
1478,69.110000,2026-09-08T10:52:01.988+08:00,2049
1479,69.157000,2026-09-08T10:52:02.035+08:00,2048
1480,69.203000,2026-09-08T10:52:02.081+08:00,2050
1481,69.250000,2026-09-08T10:52:02.128+08:00,2052
1482,69.297000,2026-09-08T10:52:02.175+08:00,2052
1483,69.328000,2026-09-08T10:52:02.206+08:00,2053
1484,69.375000,2026-09-08T10:52:02.253+08:00,2049
1485,69.422000,2026-09-08T10:52:02.300+08:00,2054
1486,69.469000,2026-09-08T10:52:02.347+08:00,2056
1487,69.516000,2026-09-08T10:52:02.394+08:00,2059
1488,69.547000,2026-09-08T10:52:02.425+08:00,2058
1489,69.594000,2026-09-08T10:52:02.472+08:00,2059
1490,69.641000,2026-09-08T10:52:02.519+08:00,2059
1491,69.688000,2026-09-08T10:52:02.566+08:00,2061
1492,69.735000,2026-09-08T10:52:02.613+08:00,2063
1493,69.782000,2026-09-08T10:52:02.660+08:00,2060
1494,69.813000,2026-09-08T10:52:02.691+08:00,2061
1495,69.860000,2026-09-08T10:52:02.738+08:00,2057
1496,69.907000,2026-09-08T10:52:02.785+08:00,2060
1497,69.953000,2026-09-08T10:52:02.831+08:00,2057
1498,70.000000,2026-09-08T10:52:02.878+08:00,2056
1499,70.032000,2026-09-08T10:52:02.910+08:00,2055
1500,70.078000,2026-09-08T10:52:02.956+08:00,2058
1501,70.125000,2026-09-08T10:52:03.003+08:00,2060
1502,70.172000,2026-09-08T10:52:03.050+08:00,2058
1503,70.219000,2026-09-08T10:52:03.097+08:00,2058
1504,70.266000,2026-09-08T10:52:03.144+08:00,2060
1505,70.297000,2026-09-08T10:52:03.175+08:00,2064
1506,70.344000,2026-09-08T10:52:03.222+08:00,2065
1507,70.391000,2026-09-08T10:52:03.269+08:00,2065
1508,70.438000,2026-09-08T10:52:03.316+08:00,2067
1509,70.485000,2026-09-08T10:52:03.363+08:00,2066
1510,70.516000,2026-09-08T10:52:03.394+08:00,2069
1511,70.563000,2026-09-08T10:52:03.441+08:00,2069
1512,70.610000,2026-09-08T10:52:03.488+08:00,2069
1513,70.657000,2026-09-08T10:52:03.535+08:00,2069
1514,70.703000,2026-09-08T10:52:03.581+08:00,2068
1515,70.750000,2026-09-08T10:52:03.628+08:00,2066
1516,70.782000,2026-09-08T10:52:03.660+08:00,2066
1517,70.828000,2026-09-08T10:52:03.706+08:00,2061
1518,70.875000,2026-09-08T10:52:03.753+08:00,2066
1519,70.922000,2026-09-08T10:52:03.800+08:00,2063
1520,70.969000,2026-09-08T10:52:03.847+08:00,2061
1521,71.000000,2026-09-08T10:52:03.878+08:00,2061
1522,71.047000,2026-09-08T10:52:03.925+08:00,2065
1523,71.094000,2026-09-08T10:52:03.972+08:00,2067
1524,71.141000,2026-09-08T10:52:04.019+08:00,2070
1525,71.188000,2026-09-08T10:52:04.066+08:00,2071
1526,71.219000,2026-09-08T10:52:04.097+08:00,2070
1527,71.266000,2026-09-08T10:52:04.144+08:00,2074
1528,71.313000,2026-09-08T10:52:04.191+08:00,2074
1529,71.360000,2026-09-08T10:52:04.238+08:00,2079
1530,71.407000,2026-09-08T10:52:04.285+08:00,2078
1531,71.453000,2026-09-08T10:52:04.331+08:00,2075
1532,71.485000,2026-09-08T10:52:04.363+08:00,2078
1533,71.532000,2026-09-08T10:52:04.410+08:00,2079
1534,71.578000,2026-09-08T10:52:04.456+08:00,2076
1535,71.625000,2026-09-08T10:52:04.503+08:00,2075
1536,71.672000,2026-09-08T10:52:04.550+08:00,2077
1537,71.703000,2026-09-08T10:52:04.581+08:00,2074
1538,71.750000,2026-09-08T10:52:04.628+08:00,2073
1539,71.797000,2026-09-08T10:52:04.675+08:00,2071
1540,71.844000,2026-09-08T10:52:04.722+08:00,2073
1541,71.891000,2026-09-08T10:52:04.769+08:00,2074
1542,71.938000,2026-09-08T10:52:04.816+08:00,2074
1543,71.969000,2026-09-08T10:52:04.847+08:00,2076
1544,72.016000,2026-09-08T10:52:04.894+08:00,2077
1545,72.063000,2026-09-08T10:52:04.941+08:00,2082
1546,72.110000,2026-09-08T10:52:04.988+08:00,2082
1547,72.157000,2026-09-08T10:52:05.035+08:00,2087
1548,72.188000,2026-09-08T10:52:05.066+08:00,2084
1549,72.235000,2026-09-08T10:52:05.113+08:00,2087
1550,72.282000,2026-09-08T10:52:05.160+08:00,2090
1551,72.328000,2026-09-08T10:52:05.206+08:00,2091
1552,72.375000,2026-09-08T10:52:05.253+08:00,2092
1553,72.422000,2026-09-08T10:52:05.300+08:00,2095
1554,72.453000,2026-09-08T10:52:05.331+08:00,2096
1555,72.500000,2026-09-08T10:52:05.378+08:00,2098
1556,72.547000,2026-09-08T10:52:05.425+08:00,2094
1557,72.594000,2026-09-08T10:52:05.472+08:00,2092
1558,72.641000,2026-09-08T10:52:05.519+08:00,2091
1559,72.672000,2026-09-08T10:52:05.550+08:00,2088
1560,72.719000,2026-09-08T10:52:05.597+08:00,2090
1561,72.766000,2026-09-08T10:52:05.644+08:00,2092
1562,72.813000,2026-09-08T10:52:05.691+08:00,2091
1563,72.860000,2026-09-08T10:52:05.738+08:00,2095
1564,72.891000,2026-09-08T10:52:05.769+08:00,2099
1565,72.938000,2026-09-08T10:52:05.816+08:00,2098
1566,72.985000,2026-09-08T10:52:05.863+08:00,2101
1567,73.032000,2026-09-08T10:52:05.910+08:00,2101
1568,73.078000,2026-09-08T10:52:05.956+08:00,2103
1569,73.125000,2026-09-08T10:52:06.003+08:00,2103
1570,73.157000,2026-09-08T10:52:06.035+08:00,2105
1571,73.203000,2026-09-08T10:52:06.081+08:00,2106
1572,73.250000,2026-09-08T10:52:06.128+08:00,2107
1573,73.297000,2026-09-08T10:52:06.175+08:00,2108
1574,73.344000,2026-09-08T10:52:06.222+08:00,2104
1575,73.375000,2026-09-08T10:52:06.253+08:00,2105
1576,73.422000,2026-09-08T10:52:06.300+08:00,2102
1577,73.469000,2026-09-08T10:52:06.347+08:00,2103
1578,73.516000,2026-09-08T10:52:06.394+08:00,2101
1579,73.563000,2026-09-08T10:52:06.441+08:00,2101
1580,73.594000,2026-09-08T10:52:06.472+08:00,2100
1581,73.641000,2026-09-08T10:52:06.519+08:00,2098
1582,73.688000,2026-09-08T10:52:06.566+08:00,2101
1583,73.735000,2026-09-08T10:52:06.613+08:00,2100
1584,73.782000,2026-09-08T10:52:06.660+08:00,2104
1585,73.828000,2026-09-08T10:52:06.706+08:00,2101
1586,73.860000,2026-09-08T10:52:06.738+08:00,2104
1587,73.907000,2026-09-08T10:52:06.785+08:00,2103
1588,73.953000,2026-09-08T10:52:06.831+08:00,2104
1589,74.000000,2026-09-08T10:52:06.878+08:00,2103
1590,74.047000,2026-09-08T10:52:06.925+08:00,2106
1591,74.094000,2026-09-08T10:52:06.972+08:00,2104
1592,74.125000,2026-09-08T10:52:07.003+08:00,2102
1593,74.172000,2026-09-08T10:52:07.050+08:00,2104
1594,74.219000,2026-09-08T10:52:07.097+08:00,2104
1595,74.266000,2026-09-08T10:52:07.144+08:00,2102
1596,74.313000,2026-09-08T10:52:07.191+08:00,2098
1597,74.344000,2026-09-08T10:52:07.222+08:00,2094
1598,74.391000,2026-09-08T10:52:07.269+08:00,2092
1599,74.438000,2026-09-08T10:52:07.316+08:00,2093
1600,74.485000,2026-09-08T10:52:07.363+08:00,2091
1601,74.532000,2026-09-08T10:52:07.410+08:00,2091
1602,74.563000,2026-09-08T10:52:07.441+08:00,2091
1603,74.610000,2026-09-08T10:52:07.488+08:00,2092
1604,74.657000,2026-09-08T10:52:07.535+08:00,2094
1605,74.703000,2026-09-08T10:52:07.581+08:00,2095
1606,74.750000,2026-09-08T10:52:07.628+08:00,2094
1607,74.797000,2026-09-08T10:52:07.675+08:00,2095
1608,74.828000,2026-09-08T10:52:07.706+08:00,2096
1609,74.875000,2026-09-08T10:52:07.753+08:00,2095
1610,74.922000,2026-09-08T10:52:07.800+08:00,2094
1611,74.969000,2026-09-08T10:52:07.847+08:00,2093
1612,75.016000,2026-09-08T10:52:07.894+08:00,2095
1613,75.047000,2026-09-08T10:52:07.925+08:00,2094
1614,75.094000,2026-09-08T10:52:07.972+08:00,2094
1615,75.141000,2026-09-08T10:52:08.019+08:00,2091
1616,75.188000,2026-09-08T10:52:08.066+08:00,2088
1617,75.235000,2026-09-08T10:52:08.113+08:00,2088
1618,75.282000,2026-09-08T10:52:08.160+08:00,2083
1619,75.313000,2026-09-08T10:52:08.191+08:00,2082
1620,75.360000,2026-09-08T10:52:08.238+08:00,2077
1621,75.407000,2026-09-08T10:52:08.285+08:00,2076
1622,75.453000,2026-09-08T10:52:08.331+08:00,2076
1623,75.500000,2026-09-08T10:52:08.378+08:00,2075
1624,75.532000,2026-09-08T10:52:08.410+08:00,2075
1625,75.578000,2026-09-08T10:52:08.456+08:00,2074
1626,75.625000,2026-09-08T10:52:08.503+08:00,2073
1627,75.672000,2026-09-08T10:52:08.550+08:00,2070
1628,75.719000,2026-09-08T10:52:08.597+08:00,2070
1629,75.766000,2026-09-08T10:52:08.644+08:00,2067
1630,75.797000,2026-09-08T10:52:08.675+08:00,2068
1631,75.844000,2026-09-08T10:52:08.722+08:00,2067
1632,75.891000,2026-09-08T10:52:08.769+08:00,2065
1633,75.938000,2026-09-08T10:52:08.816+08:00,2064
1634,75.985000,2026-09-08T10:52:08.863+08:00,2063
1635,76.016000,2026-09-08T10:52:08.894+08:00,2058
1636,76.063000,2026-09-08T10:52:08.941+08:00,2055
1637,76.110000,2026-09-08T10:52:08.988+08:00,2054
1638,76.157000,2026-09-08T10:52:09.035+08:00,2052
1639,76.203000,2026-09-08T10:52:09.081+08:00,2049
1640,76.235000,2026-09-08T10:52:09.113+08:00,2048
1641,76.282000,2026-09-08T10:52:09.160+08:00,2044
1642,76.328000,2026-09-08T10:52:09.206+08:00,2050
1643,76.375000,2026-09-08T10:52:09.253+08:00,2047
1644,76.422000,2026-09-08T10:52:09.300+08:00,2051
1645,76.469000,2026-09-08T10:52:09.347+08:00,2044
1646,76.500000,2026-09-08T10:52:09.378+08:00,2049
1647,76.547000,2026-09-08T10:52:09.425+08:00,2046
1648,76.594000,2026-09-08T10:52:09.472+08:00,2050
1649,76.641000,2026-09-08T10:52:09.519+08:00,2045
1650,76.688000,2026-09-08T10:52:09.566+08:00,2048
1651,76.719000,2026-09-08T10:52:09.597+08:00,2040
1652,76.766000,2026-09-08T10:52:09.644+08:00,2046
1653,76.813000,2026-09-08T10:52:09.691+08:00,2046
1654,76.860000,2026-09-08T10:52:09.738+08:00,2041
1655,76.907000,2026-09-08T10:52:09.785+08:00,2039
1656,76.953000,2026-09-08T10:52:09.831+08:00,2034
1657,76.985000,2026-09-08T10:52:09.863+08:00,2031
1658,77.032000,2026-09-08T10:52:09.910+08:00,2032
1659,77.078000,2026-09-08T10:52:09.956+08:00,2026
1660,77.125000,2026-09-08T10:52:10.003+08:00,2026
1661,77.172000,2026-09-08T10:52:10.050+08:00,2025
1662,77.203000,2026-09-08T10:52:10.081+08:00,2024
1663,77.250000,2026-09-08T10:52:10.128+08:00,2027
1664,77.297000,2026-09-08T10:52:10.175+08:00,2024
1665,77.344000,2026-09-08T10:52:10.222+08:00,2025
1666,77.391000,2026-09-08T10:52:10.269+08:00,2026
1667,77.438000,2026-09-08T10:52:10.316+08:00,2025
1668,77.469000,2026-09-08T10:52:10.347+08:00,2026
1669,77.516000,2026-09-08T10:52:10.394+08:00,2026
1670,77.563000,2026-09-08T10:52:10.441+08:00,2024
1671,77.610000,2026-09-08T10:52:10.488+08:00,2027
1672,77.657000,2026-09-08T10:52:10.535+08:00,2026
1673,77.688000,2026-09-08T10:52:10.566+08:00,2025
1674,77.735000,2026-09-08T10:52:10.613+08:00,2026
1675,77.782000,2026-09-08T10:52:10.660+08:00,2023
1676,77.828000,2026-09-08T10:52:10.706+08:00,2022
1677,77.875000,2026-09-08T10:52:10.753+08:00,2018
1678,77.907000,2026-09-08T10:52:10.785+08:00,2019
1679,77.953000,2026-09-08T10:52:10.831+08:00,2018
1680,78.000000,2026-09-08T10:52:10.878+08:00,2015
1681,78.047000,2026-09-08T10:52:10.925+08:00,2017
1682,78.094000,2026-09-08T10:52:10.972+08:00,2016
1683,78.141000,2026-09-08T10:52:11.019+08:00,2019
1684,78.172000,2026-09-08T10:52:11.050+08:00,2021
1685,78.219000,2026-09-08T10:52:11.097+08:00,2021
1686,78.266000,2026-09-08T10:52:11.144+08:00,2023
1687,78.313000,2026-09-08T10:52:11.191+08:00,2027
1688,78.360000,2026-09-08T10:52:11.238+08:00,2026
1689,78.391000,2026-09-08T10:52:11.269+08:00,2024
1690,78.438000,2026-09-08T10:52:11.316+08:00,2024
1691,78.485000,2026-09-08T10:52:11.363+08:00,2027
1692,78.532000,2026-09-08T10:52:11.410+08:00,2024
1693,78.578000,2026-09-08T10:52:11.456+08:00,2027
1694,78.625000,2026-09-08T10:52:11.503+08:00,2026
1695,78.657000,2026-09-08T10:52:11.535+08:00,2022
1696,78.703000,2026-09-08T10:52:11.581+08:00,2021
1697,78.750000,2026-09-08T10:52:11.628+08:00,2017
1698,78.797000,2026-09-08T10:52:11.675+08:00,2016
1699,78.844000,2026-09-08T10:52:11.722+08:00,2016
1700,78.875000,2026-09-08T10:52:11.753+08:00,2016
1701,78.922000,2026-09-08T10:52:11.800+08:00,2016
1702,78.969000,2026-09-08T10:52:11.847+08:00,2015
1703,79.016000,2026-09-08T10:52:11.894+08:00,2016
1704,79.063000,2026-09-08T10:52:11.941+08:00,2019
1705,79.094000,2026-09-08T10:52:11.972+08:00,2022
1706,79.141000,2026-09-08T10:52:12.019+08:00,2023
1707,79.188000,2026-09-08T10:52:12.066+08:00,2024
1708,79.235000,2026-09-08T10:52:12.113+08:00,2025
1709,79.282000,2026-09-08T10:52:12.160+08:00,2028
1710,79.328000,2026-09-08T10:52:12.206+08:00,2024
1711,79.360000,2026-09-08T10:52:12.238+08:00,2027
1712,79.407000,2026-09-08T10:52:12.285+08:00,2023
1713,79.453000,2026-09-08T10:52:12.331+08:00,2026
1714,79.500000,2026-09-08T10:52:12.378+08:00,2021
1715,79.547000,2026-09-08T10:52:12.425+08:00,2025
1716,79.578000,2026-09-08T10:52:12.456+08:00,2023
1717,79.625000,2026-09-08T10:52:12.503+08:00,2024
1718,79.672000,2026-09-08T10:52:12.550+08:00,2022
1719,79.719000,2026-09-08T10:52:12.597+08:00,2022
1720,79.766000,2026-09-08T10:52:12.644+08:00,2020
1721,79.813000,2026-09-08T10:52:12.691+08:00,2021
1722,79.844000,2026-09-08T10:52:12.722+08:00,2022
1723,79.891000,2026-09-08T10:52:12.769+08:00,2024
1724,79.938000,2026-09-08T10:52:12.816+08:00,2032
1725,79.985000,2026-09-08T10:52:12.863+08:00,2030
1726,80.032000,2026-09-08T10:52:12.910+08:00,2032
1727,80.063000,2026-09-08T10:52:12.941+08:00,2032
1728,80.110000,2026-09-08T10:52:12.988+08:00,2033
1729,80.157000,2026-09-08T10:52:13.035+08:00,2036
1730,80.203000,2026-09-08T10:52:13.081+08:00,2033
1731,80.250000,2026-09-08T10:52:13.128+08:00,2034
1732,80.297000,2026-09-08T10:52:13.175+08:00,2035
1733,80.328000,2026-09-08T10:52:13.206+08:00,2037
1734,80.375000,2026-09-08T10:52:13.253+08:00,2035
1735,80.422000,2026-09-08T10:52:13.300+08:00,2036
1736,80.469000,2026-09-08T10:52:13.347+08:00,2030
1737,80.516000,2026-09-08T10:52:13.394+08:00,2031
1738,80.547000,2026-09-08T10:52:13.425+08:00,2028
1739,80.594000,2026-09-08T10:52:13.472+08:00,2026
1740,80.641000,2026-09-08T10:52:13.519+08:00,2025
1741,80.688000,2026-09-08T10:52:13.566+08:00,2023
1742,80.735000,2026-09-08T10:52:13.613+08:00,2026
1743,80.766000,2026-09-08T10:52:13.644+08:00,2030
1744,80.813000,2026-09-08T10:52:13.691+08:00,2032
1745,80.860000,2026-09-08T10:52:13.738+08:00,2030
1746,80.907000,2026-09-08T10:52:13.785+08:00,2033
1747,80.953000,2026-09-08T10:52:13.831+08:00,2034
1748,81.000000,2026-09-08T10:52:13.878+08:00,2036
1749,81.032000,2026-09-08T10:52:13.910+08:00,2034
1750,81.078000,2026-09-08T10:52:13.956+08:00,2034
1751,81.125000,2026-09-08T10:52:14.003+08:00,2033
1752,81.172000,2026-09-08T10:52:14.050+08:00,2032
1753,81.219000,2026-09-08T10:52:14.097+08:00,2033
1754,81.266000,2026-09-08T10:52:14.144+08:00,2032
1755,81.297000,2026-09-08T10:52:14.175+08:00,2032
1756,81.344000,2026-09-08T10:52:14.222+08:00,2027
1757,81.391000,2026-09-08T10:52:14.269+08:00,2029
1758,81.438000,2026-09-08T10:52:14.316+08:00,2026
1759,81.485000,2026-09-08T10:52:14.363+08:00,2027
1760,81.516000,2026-09-08T10:52:14.394+08:00,2025
1761,81.563000,2026-09-08T10:52:14.441+08:00,2028
1762,81.610000,2026-09-08T10:52:14.488+08:00,2024
1763,81.657000,2026-09-08T10:52:14.535+08:00,2027
1764,81.703000,2026-09-08T10:52:14.581+08:00,2031
1765,81.735000,2026-09-08T10:52:14.613+08:00,2031
1766,81.782000,2026-09-08T10:52:14.660+08:00,2030
1767,81.828000,2026-09-08T10:52:14.706+08:00,2032
1768,81.875000,2026-09-08T10:52:14.753+08:00,2034
1769,81.922000,2026-09-08T10:52:14.800+08:00,2033
1770,81.969000,2026-09-08T10:52:14.847+08:00,2034
1771,82.000000,2026-09-08T10:52:14.878+08:00,2037
1772,82.047000,2026-09-08T10:52:14.925+08:00,2036
1773,82.094000,2026-09-08T10:52:14.972+08:00,2033
1774,82.141000,2026-09-08T10:52:15.019+08:00,2029
1775,82.188000,2026-09-08T10:52:15.066+08:00,2034
1776,82.219000,2026-09-08T10:52:15.097+08:00,2031
1777,82.266000,2026-09-08T10:52:15.144+08:00,2030
1778,82.313000,2026-09-08T10:52:15.191+08:00,2027
1779,82.360000,2026-09-08T10:52:15.238+08:00,2027
1780,82.407000,2026-09-08T10:52:15.285+08:00,2027
1781,82.438000,2026-09-08T10:52:15.316+08:00,2025
1782,82.485000,2026-09-08T10:52:15.363+08:00,2027
1783,82.532000,2026-09-08T10:52:15.410+08:00,2028
1784,82.578000,2026-09-08T10:52:15.456+08:00,2029
1785,82.625000,2026-09-08T10:52:15.503+08:00,2032
1786,82.672000,2026-09-08T10:52:15.550+08:00,2033
1787,82.703000,2026-09-08T10:52:15.581+08:00,2035
1788,82.750000,2026-09-08T10:52:15.628+08:00,2034
1789,82.797000,2026-09-08T10:52:15.675+08:00,2036
1790,82.844000,2026-09-08T10:52:15.722+08:00,2040
1791,82.891000,2026-09-08T10:52:15.769+08:00,2038
1792,82.938000,2026-09-08T10:52:15.816+08:00,2037
1793,82.969000,2026-09-08T10:52:15.847+08:00,2036
1794,83.016000,2026-09-08T10:52:15.894+08:00,2035
1795,83.063000,2026-09-08T10:52:15.941+08:00,2034
1796,83.110000,2026-09-08T10:52:15.988+08:00,2034
1797,83.157000,2026-09-08T10:52:16.035+08:00,2032
1798,83.188000,2026-09-08T10:52:16.066+08:00,2030
1799,83.235000,2026-09-08T10:52:16.113+08:00,2026
1800,83.282000,2026-09-08T10:52:16.160+08:00,2029
1801,83.328000,2026-09-08T10:52:16.206+08:00,2028
1802,83.375000,2026-09-08T10:52:16.253+08:00,2027
1803,83.407000,2026-09-08T10:52:16.285+08:00,2029
1804,83.453000,2026-09-08T10:52:16.331+08:00,2028
1805,83.500000,2026-09-08T10:52:16.378+08:00,2036
1806,83.547000,2026-09-08T10:52:16.425+08:00,2034
1807,83.594000,2026-09-08T10:52:16.472+08:00,2038
1808,83.641000,2026-09-08T10:52:16.519+08:00,2034
1809,83.672000,2026-09-08T10:52:16.550+08:00,2035
1810,83.719000,2026-09-08T10:52:16.597+08:00,2037
1811,83.766000,2026-09-08T10:52:16.644+08:00,2038
1812,83.813000,2026-09-08T10:52:16.691+08:00,2035
1813,83.860000,2026-09-08T10:52:16.738+08:00,2036
1814,83.891000,2026-09-08T10:52:16.769+08:00,2036
1815,83.938000,2026-09-08T10:52:16.816+08:00,2034
1816,83.985000,2026-09-08T10:52:16.863+08:00,2034
1817,84.032000,2026-09-08T10:52:16.910+08:00,2033
1818,84.078000,2026-09-08T10:52:16.956+08:00,2030
1819,84.125000,2026-09-08T10:52:17.003+08:00,2032
1820,84.157000,2026-09-08T10:52:17.035+08:00,2031
1821,84.203000,2026-09-08T10:52:17.081+08:00,2028
1822,84.250000,2026-09-08T10:52:17.128+08:00,2031
1823,84.297000,2026-09-08T10:52:17.175+08:00,2030
1824,84.344000,2026-09-08T10:52:17.222+08:00,2032
1825,84.375000,2026-09-08T10:52:17.253+08:00,2034
1826,84.422000,2026-09-08T10:52:17.300+08:00,2036
1827,84.469000,2026-09-08T10:52:17.347+08:00,2038
1828,84.516000,2026-09-08T10:52:17.394+08:00,2037
1829,84.563000,2026-09-08T10:52:17.441+08:00,2039
1830,84.610000,2026-09-08T10:52:17.488+08:00,2038
1831,84.641000,2026-09-08T10:52:17.519+08:00,2037
1832,84.688000,2026-09-08T10:52:17.566+08:00,2036
1833,84.735000,2026-09-08T10:52:17.613+08:00,2037
1834,84.782000,2026-09-08T10:52:17.660+08:00,2038
1835,84.828000,2026-09-08T10:52:17.706+08:00,2036
1836,84.860000,2026-09-08T10:52:17.738+08:00,2036
1837,84.907000,2026-09-08T10:52:17.785+08:00,2033
1838,84.953000,2026-09-08T10:52:17.831+08:00,2034
1839,85.000000,2026-09-08T10:52:17.878+08:00,2029
1840,85.047000,2026-09-08T10:52:17.925+08:00,2032
1841,85.094000,2026-09-08T10:52:17.972+08:00,2030
1842,85.125000,2026-09-08T10:52:18.003+08:00,2032
1843,85.172000,2026-09-08T10:52:18.050+08:00,2034
1844,85.219000,2026-09-08T10:52:18.097+08:00,2034
1845,85.266000,2026-09-08T10:52:18.144+08:00,2034
1846,85.313000,2026-09-08T10:52:18.191+08:00,2034
1847,85.344000,2026-09-08T10:52:18.222+08:00,2033
1848,85.391000,2026-09-08T10:52:18.269+08:00,2038
1849,85.438000,2026-09-08T10:52:18.316+08:00,2036
1850,85.485000,2026-09-08T10:52:18.363+08:00,2033
1851,85.532000,2026-09-08T10:52:18.410+08:00,2038
1852,85.563000,2026-09-08T10:52:18.441+08:00,2035
1853,85.610000,2026-09-08T10:52:18.488+08:00,2037
1854,85.657000,2026-09-08T10:52:18.535+08:00,2035
1855,85.703000,2026-09-08T10:52:18.581+08:00,2034
1856,85.750000,2026-09-08T10:52:18.628+08:00,2031
1857,85.797000,2026-09-08T10:52:18.675+08:00,2030
1858,85.828000,2026-09-08T10:52:18.706+08:00,2029
1859,85.875000,2026-09-08T10:52:18.753+08:00,2029
1860,85.922000,2026-09-08T10:52:18.800+08:00,2025
1861,85.969000,2026-09-08T10:52:18.847+08:00,2027
1862,86.016000,2026-09-08T10:52:18.894+08:00,2029
1863,86.047000,2026-09-08T10:52:18.925+08:00,2029
1864,86.094000,2026-09-08T10:52:18.972+08:00,2031
1865,86.141000,2026-09-08T10:52:19.019+08:00,2034
1866,86.188000,2026-09-08T10:52:19.066+08:00,2035
1867,86.235000,2026-09-08T10:52:19.113+08:00,2037
1868,86.282000,2026-09-08T10:52:19.160+08:00,2037
1869,86.313000,2026-09-08T10:52:19.191+08:00,2037
1870,86.360000,2026-09-08T10:52:19.238+08:00,2039
1871,86.407000,2026-09-08T10:52:19.285+08:00,2039
1872,86.453000,2026-09-08T10:52:19.331+08:00,2036
1873,86.500000,2026-09-08T10:52:19.378+08:00,2037
1874,86.532000,2026-09-08T10:52:19.410+08:00,2041
1875,86.578000,2026-09-08T10:52:19.456+08:00,2038
1876,86.625000,2026-09-08T10:52:19.503+08:00,2035
1877,86.672000,2026-09-08T10:52:19.550+08:00,2036
1878,86.719000,2026-09-08T10:52:19.597+08:00,2033
1879,86.766000,2026-09-08T10:52:19.644+08:00,2031
1880,86.797000,2026-09-08T10:52:19.675+08:00,2031
1881,86.844000,2026-09-08T10:52:19.722+08:00,2029
1882,86.891000,2026-09-08T10:52:19.769+08:00,2027
1883,86.938000,2026-09-08T10:52:19.816+08:00,2032
1884,86.985000,2026-09-08T10:52:19.863+08:00,2033
1885,87.016000,2026-09-08T10:52:19.894+08:00,2039
1886,87.063000,2026-09-08T10:52:19.941+08:00,2036
1887,87.110000,2026-09-08T10:52:19.988+08:00,2037
1888,87.157000,2026-09-08T10:52:20.035+08:00,2039
1889,87.203000,2026-09-08T10:52:20.081+08:00,2039
1890,87.235000,2026-09-08T10:52:20.113+08:00,2041
1891,87.282000,2026-09-08T10:52:20.160+08:00,2040
1892,87.328000,2026-09-08T10:52:20.206+08:00,2042
1893,87.375000,2026-09-08T10:52:20.253+08:00,2040
1894,87.422000,2026-09-08T10:52:20.300+08:00,2040
1895,87.469000,2026-09-08T10:52:20.347+08:00,2041
1896,87.500000,2026-09-08T10:52:20.378+08:00,2036
1897,87.547000,2026-09-08T10:52:20.425+08:00,2035
1898,87.594000,2026-09-08T10:52:20.472+08:00,2038
1899,87.641000,2026-09-08T10:52:20.519+08:00,2032
1900,87.688000,2026-09-08T10:52:20.566+08:00,2031
1901,87.719000,2026-09-08T10:52:20.597+08:00,2035
1902,87.766000,2026-09-08T10:52:20.644+08:00,2032
1903,87.813000,2026-09-08T10:52:20.691+08:00,2035
1904,87.860000,2026-09-08T10:52:20.738+08:00,2038
1905,87.907000,2026-09-08T10:52:20.785+08:00,2038
1906,87.953000,2026-09-08T10:52:20.831+08:00,2038
1907,87.985000,2026-09-08T10:52:20.863+08:00,2041
1908,88.032000,2026-09-08T10:52:20.910+08:00,2042
1909,88.078000,2026-09-08T10:52:20.956+08:00,2042
1910,88.125000,2026-09-08T10:52:21.003+08:00,2043
1911,88.172000,2026-09-08T10:52:21.050+08:00,2038
1912,88.203000,2026-09-08T10:52:21.081+08:00,2046
1913,88.250000,2026-09-08T10:52:21.128+08:00,2043
1914,88.297000,2026-09-08T10:52:21.175+08:00,2043
1915,88.344000,2026-09-08T10:52:21.222+08:00,2042
1916,88.391000,2026-09-08T10:52:21.269+08:00,2042
1917,88.422000,2026-09-08T10:52:21.300+08:00,2040
1918,88.469000,2026-09-08T10:52:21.347+08:00,2039
1919,88.516000,2026-09-08T10:52:21.394+08:00,2037
1920,88.563000,2026-09-08T10:52:21.441+08:00,2036
1921,88.610000,2026-09-08T10:52:21.488+08:00,2036
1922,88.657000,2026-09-08T10:52:21.535+08:00,2035
1923,88.688000,2026-09-08T10:52:21.566+08:00,2038
1924,88.735000,2026-09-08T10:52:21.613+08:00,2038
1925,88.782000,2026-09-08T10:52:21.660+08:00,2040
1926,88.828000,2026-09-08T10:52:21.706+08:00,2039
1927,88.875000,2026-09-08T10:52:21.753+08:00,2043
1928,88.907000,2026-09-08T10:52:21.785+08:00,2042
1929,88.953000,2026-09-08T10:52:21.831+08:00,2047
1930,89.000000,2026-09-08T10:52:21.878+08:00,2043
1931,89.047000,2026-09-08T10:52:21.925+08:00,2046
1932,89.094000,2026-09-08T10:52:21.972+08:00,2045
1933,89.141000,2026-09-08T10:52:22.019+08:00,2041
1934,89.172000,2026-09-08T10:52:22.050+08:00,2042
1935,89.219000,2026-09-08T10:52:22.097+08:00,2041
1936,89.266000,2026-09-08T10:52:22.144+08:00,2042
1937,89.313000,2026-09-08T10:52:22.191+08:00,2038
1938,89.360000,2026-09-08T10:52:22.238+08:00,2038
1939,89.391000,2026-09-08T10:52:22.269+08:00,2036
1940,89.438000,2026-09-08T10:52:22.316+08:00,2036
1941,89.485000,2026-09-08T10:52:22.363+08:00,2037
1942,89.532000,2026-09-08T10:52:22.410+08:00,2035
1943,89.578000,2026-09-08T10:52:22.456+08:00,2037
1944,89.625000,2026-09-08T10:52:22.503+08:00,2032
1945,89.657000,2026-09-08T10:52:22.535+08:00,2040
1946,89.703000,2026-09-08T10:52:22.581+08:00,2042
1947,89.750000,2026-09-08T10:52:22.628+08:00,2034
1948,89.797000,2026-09-08T10:52:22.675+08:00,2039
1949,89.844000,2026-09-08T10:52:22.722+08:00,2040
1950,89.875000,2026-09-08T10:52:22.753+08:00,2041
1951,89.922000,2026-09-08T10:52:22.800+08:00,2042
1952,89.969000,2026-09-08T10:52:22.847+08:00,2043
1953,90.016000,2026-09-08T10:52:22.894+08:00,2039
1954,90.063000,2026-09-08T10:52:22.941+08:00,2043
1955,90.110000,2026-09-08T10:52:22.988+08:00,2041
1956,90.141000,2026-09-08T10:52:23.019+08:00,2037
1957,90.188000,2026-09-08T10:52:23.066+08:00,2036
1958,90.235000,2026-09-08T10:52:23.113+08:00,2037
1959,90.282000,2026-09-08T10:52:23.160+08:00,2033
1960,90.328000,2026-09-08T10:52:23.206+08:00,2033
1961,90.360000,2026-09-08T10:52:23.238+08:00,2033
1962,90.407000,2026-09-08T10:52:23.285+08:00,2034
1963,90.453000,2026-09-08T10:52:23.331+08:00,2034
1964,90.500000,2026-09-08T10:52:23.378+08:00,2038
1965,90.547000,2026-09-08T10:52:23.425+08:00,2038
1966,90.578000,2026-09-08T10:52:23.456+08:00,2040
1967,90.625000,2026-09-08T10:52:23.503+08:00,2042
1968,90.672000,2026-09-08T10:52:23.550+08:00,2042
1969,90.719000,2026-09-08T10:52:23.597+08:00,2043
1970,90.766000,2026-09-08T10:52:23.644+08:00,2045
1971,90.813000,2026-09-08T10:52:23.691+08:00,2045
1972,90.844000,2026-09-08T10:52:23.722+08:00,2046
1973,90.891000,2026-09-08T10:52:23.769+08:00,2046
1974,90.938000,2026-09-08T10:52:23.816+08:00,2045
1975,90.985000,2026-09-08T10:52:23.863+08:00,2042
1976,91.032000,2026-09-08T10:52:23.910+08:00,2042
1977,91.063000,2026-09-08T10:52:23.941+08:00,2040
1978,91.110000,2026-09-08T10:52:23.988+08:00,2038
1979,91.157000,2026-09-08T10:52:24.035+08:00,2035
1980,91.203000,2026-09-08T10:52:24.081+08:00,2035
1981,91.250000,2026-09-08T10:52:24.128+08:00,2030
1982,91.297000,2026-09-08T10:52:24.175+08:00,2033
1983,91.328000,2026-09-08T10:52:24.206+08:00,2032
1984,91.375000,2026-09-08T10:52:24.253+08:00,2034
1985,91.422000,2026-09-08T10:52:24.300+08:00,2037
1986,91.469000,2026-09-08T10:52:24.347+08:00,2039
1987,91.516000,2026-09-08T10:52:24.394+08:00,2038
1988,91.547000,2026-09-08T10:52:24.425+08:00,2039
1989,91.594000,2026-09-08T10:52:24.472+08:00,2040
1990,91.641000,2026-09-08T10:52:24.519+08:00,2043
1991,91.688000,2026-09-08T10:52:24.566+08:00,2041
1992,91.735000,2026-09-08T10:52:24.613+08:00,2044
1993,91.766000,2026-09-08T10:52:24.644+08:00,2043
1994,91.813000,2026-09-08T10:52:24.691+08:00,2042
1995,91.860000,2026-09-08T10:52:24.738+08:00,2041
1996,91.907000,2026-09-08T10:52:24.785+08:00,2040
1997,91.953000,2026-09-08T10:52:24.831+08:00,2042
1998,92.000000,2026-09-08T10:52:24.878+08:00,2038
1999,92.032000,2026-09-08T10:52:24.910+08:00,2038
2000,92.078000,2026-09-08T10:52:24.956+08:00,2037
2001,92.125000,2026-09-08T10:52:25.003+08:00,2035
2002,92.172000,2026-09-08T10:52:25.050+08:00,2036
2003,92.219000,2026-09-08T10:52:25.097+08:00,2036
2004,92.266000,2026-09-08T10:52:25.144+08:00,2038
2005,92.297000,2026-09-08T10:52:25.175+08:00,2044
2006,92.344000,2026-09-08T10:52:25.222+08:00,2041
2007,92.391000,2026-09-08T10:52:25.269+08:00,2047
2008,92.438000,2026-09-08T10:52:25.316+08:00,2043
2009,92.485000,2026-09-08T10:52:25.363+08:00,2045
2010,92.516000,2026-09-08T10:52:25.394+08:00,2044
2011,92.563000,2026-09-08T10:52:25.441+08:00,2043
2012,92.610000,2026-09-08T10:52:25.488+08:00,2045
2013,92.657000,2026-09-08T10:52:25.535+08:00,2043
2014,92.703000,2026-09-08T10:52:25.581+08:00,2046
2015,92.735000,2026-09-08T10:52:25.613+08:00,2043
2016,92.782000,2026-09-08T10:52:25.660+08:00,2043
2017,92.828000,2026-09-08T10:52:25.706+08:00,2041
2018,92.875000,2026-09-08T10:52:25.753+08:00,2034
2019,92.922000,2026-09-08T10:52:25.800+08:00,2037
2020,92.969000,2026-09-08T10:52:25.847+08:00,2038
2021,93.000000,2026-09-08T10:52:25.878+08:00,2037
2022,93.047000,2026-09-08T10:52:25.925+08:00,2038
2023,93.094000,2026-09-08T10:52:25.972+08:00,2036
2024,93.141000,2026-09-08T10:52:26.019+08:00,2039
2025,93.188000,2026-09-08T10:52:26.066+08:00,2039
2026,93.219000,2026-09-08T10:52:26.097+08:00,2041
2027,93.266000,2026-09-08T10:52:26.144+08:00,2043
2028,93.313000,2026-09-08T10:52:26.191+08:00,2043
2029,93.360000,2026-09-08T10:52:26.238+08:00,2045
2030,93.407000,2026-09-08T10:52:26.285+08:00,2042
2031,93.453000,2026-09-08T10:52:26.331+08:00,2041
2032,93.485000,2026-09-08T10:52:26.363+08:00,2040
2033,93.532000,2026-09-08T10:52:26.410+08:00,2041
2034,93.578000,2026-09-08T10:52:26.456+08:00,2041
2035,93.625000,2026-09-08T10:52:26.503+08:00,2042
2036,93.672000,2026-09-08T10:52:26.550+08:00,20413
2037,93.703000,2026-09-08T10:52:26.581+08:00,2344
2038,93.750000,2026-09-08T10:52:26.628+08:00,2356
2039,93.797000,2026-09-08T10:52:26.675+08:00,2365
2040,93.844000,2026-09-08T10:52:26.722+08:00,2371
2041,93.891000,2026-09-08T10:52:26.769+08:00,2376
2042,93.922000,2026-09-08T10:52:26.800+08:00,2377
2043,93.969000,2026-09-08T10:52:26.847+08:00,2374
2044,94.016000,2026-09-08T10:52:26.894+08:00,2373
2045,94.063000,2026-09-08T10:52:26.941+08:00,2365
2046,94.110000,2026-09-08T10:52:26.988+08:00,2354
2047,94.157000,2026-09-08T10:52:27.035+08:00,2344
2048,94.188000,2026-09-08T10:52:27.066+08:00,2329
2049,94.235000,2026-09-08T10:52:27.113+08:00,2316
2050,94.282000,2026-09-08T10:52:27.160+08:00,2298
2051,94.328000,2026-09-08T10:52:27.206+08:00,2283
2052,94.375000,2026-09-08T10:52:27.253+08:00,2263
2053,94.407000,2026-09-08T10:52:27.285+08:00,2244
2054,94.453000,2026-09-08T10:52:27.331+08:00,2224
2055,94.500000,2026-09-08T10:52:27.378+08:00,2206
2056,94.547000,2026-09-08T10:52:27.425+08:00,2181
2057,94.594000,2026-09-08T10:52:27.472+08:00,2154
2058,94.641000,2026-09-08T10:52:27.519+08:00,2129
2059,94.672000,2026-09-08T10:52:27.550+08:00,2108
2060,94.719000,2026-09-08T10:52:27.597+08:00,2083
2061,94.766000,2026-09-08T10:52:27.644+08:00,2059
2062,94.813000,2026-09-08T10:52:27.691+08:00,2038
2063,94.860000,2026-09-08T10:52:27.738+08:00,2017
2064,94.891000,2026-09-08T10:52:27.769+08:00,1996
2065,94.938000,2026-09-08T10:52:27.816+08:00,1975
2066,94.985000,2026-09-08T10:52:27.863+08:00,1959
2067,95.032000,2026-09-08T10:52:27.910+08:00,1940
2068,95.078000,2026-09-08T10:52:27.956+08:00,1919
2069,95.125000,2026-09-08T10:52:28.003+08:00,1907
2070,95.157000,2026-09-08T10:52:28.035+08:00,1893
2071,95.203000,2026-09-08T10:52:28.081+08:00,1887
2072,95.250000,2026-09-08T10:52:28.128+08:00,1878
2073,95.297000,2026-09-08T10:52:28.175+08:00,1875
2074,95.344000,2026-09-08T10:52:28.222+08:00,1872
2075,95.375000,2026-09-08T10:52:28.253+08:00,1872
2076,95.422000,2026-09-08T10:52:28.300+08:00,1872
2077,95.469000,2026-09-08T10:52:28.347+08:00,1869
2078,95.516000,2026-09-08T10:52:28.394+08:00,1873
2079,95.563000,2026-09-08T10:52:28.441+08:00,1873
2080,95.610000,2026-09-08T10:52:28.488+08:00,1878
2081,95.641000,2026-09-08T10:52:28.519+08:00,1881
2082,95.688000,2026-09-08T10:52:28.566+08:00,1890
2083,95.735000,2026-09-08T10:52:28.613+08:00,1897
2084,95.782000,2026-09-08T10:52:28.660+08:00,1902
2085,95.828000,2026-09-08T10:52:28.706+08:00,1904
2086,95.860000,2026-09-08T10:52:28.738+08:00,1910
2087,95.907000,2026-09-08T10:52:28.785+08:00,1919
2088,95.953000,2026-09-08T10:52:28.831+08:00,1925
2089,96.000000,2026-09-08T10:52:28.878+08:00,1936
2090,96.047000,2026-09-08T10:52:28.925+08:00,1942
2091,96.078000,2026-09-08T10:52:28.956+08:00,1951
2092,96.125000,2026-09-08T10:52:29.003+08:00,1960
2093,96.172000,2026-09-08T10:52:29.050+08:00,1965
2094,96.219000,2026-09-08T10:52:29.097+08:00,1973
2095,96.266000,2026-09-08T10:52:29.144+08:00,1981
2096,96.313000,2026-09-08T10:52:29.191+08:00,1990
2097,96.344000,2026-09-08T10:52:29.222+08:00,1994
2098,96.391000,2026-09-08T10:52:29.269+08:00,1996
2099,96.438000,2026-09-08T10:52:29.316+08:00,2004
2100,96.485000,2026-09-08T10:52:29.363+08:00,2010
2101,96.532000,2026-09-08T10:52:29.410+08:00,2010
2102,96.563000,2026-09-08T10:52:29.441+08:00,2015
2103,96.610000,2026-09-08T10:52:29.488+08:00,2018
2104,96.657000,2026-09-08T10:52:29.535+08:00,2018
2105,96.703000,2026-09-08T10:52:29.581+08:00,2020
2106,96.750000,2026-09-08T10:52:29.628+08:00,2018
2107,96.797000,2026-09-08T10:52:29.675+08:00,2019
2108,96.828000,2026-09-08T10:52:29.706+08:00,2017
2109,96.875000,2026-09-08T10:52:29.753+08:00,2018
2110,96.922000,2026-09-08T10:52:29.800+08:00,2020
2111,96.969000,2026-09-08T10:52:29.847+08:00,2022
2112,97.016000,2026-09-08T10:52:29.894+08:00,2022
2113,97.047000,2026-09-08T10:52:29.925+08:00,2026
2114,97.094000,2026-09-08T10:52:29.972+08:00,2029
2115,97.141000,2026-09-08T10:52:30.019+08:00,2032
2116,97.188000,2026-09-08T10:52:30.066+08:00,2031
2117,97.235000,2026-09-08T10:52:30.113+08:00,2032
2118,97.266000,2026-09-08T10:52:30.144+08:00,2028
2119,97.313000,2026-09-08T10:52:30.191+08:00,2036
2120,97.407000,2026-09-08T10:52:30.285+08:00,2038
2121,97.453000,2026-09-08T10:52:30.331+08:00,2038
2122,97.500000,2026-09-08T10:52:30.378+08:00,2037
2123,97.532000,2026-09-08T10:52:30.410+08:00,2038
2124,97.578000,2026-09-08T10:52:30.456+08:00,2037
2125,97.625000,2026-09-08T10:52:30.503+08:00,2037
2126,97.672000,2026-09-08T10:52:30.550+08:00,2036
2127,97.719000,2026-09-08T10:52:30.597+08:00,2037
2128,97.750000,2026-09-08T10:52:30.628+08:00,2037
2129,97.797000,2026-09-08T10:52:30.675+08:00,2038
2130,97.844000,2026-09-08T10:52:30.722+08:00,2039
2131,97.891000,2026-09-08T10:52:30.769+08:00,2040
2132,97.938000,2026-09-08T10:52:30.816+08:00,2040
2133,97.985000,2026-09-08T10:52:30.863+08:00,2045
2134,98.063000,2026-09-08T10:52:30.941+08:00,2045
2135,98.110000,2026-09-08T10:52:30.988+08:00,2048
2136,98.157000,2026-09-08T10:52:31.035+08:00,2043
2137,98.203000,2026-09-08T10:52:31.081+08:00,2049
2138,98.235000,2026-09-08T10:52:31.113+08:00,2047
2139,98.282000,2026-09-08T10:52:31.160+08:00,2054
2140,98.328000,2026-09-08T10:52:31.206+08:00,2050
2141,98.375000,2026-09-08T10:52:31.253+08:00,2051
2142,98.422000,2026-09-08T10:52:31.300+08:00,2048
2143,98.469000,2026-09-08T10:52:31.347+08:00,2049
2144,98.500000,2026-09-08T10:52:31.378+08:00,2048
2145,98.547000,2026-09-08T10:52:31.425+08:00,2045
2146,98.594000,2026-09-08T10:52:31.472+08:00,2050
2147,98.641000,2026-09-08T10:52:31.519+08:00,2047
2148,98.688000,2026-09-08T10:52:31.566+08:00,2051
2149,98.719000,2026-09-08T10:52:31.597+08:00,2049
2150,98.766000,2026-09-08T10:52:31.644+08:00,2049
2151,98.813000,2026-09-08T10:52:31.691+08:00,2055
2152,98.860000,2026-09-08T10:52:31.738+08:00,2052
2153,98.907000,2026-09-08T10:52:31.785+08:00,2054
2154,98.953000,2026-09-08T10:52:31.831+08:00,2057
2155,98.985000,2026-09-08T10:52:31.863+08:00,2056
2156,99.032000,2026-09-08T10:52:31.910+08:00,2056
2157,99.078000,2026-09-08T10:52:31.956+08:00,2056
2158,99.125000,2026-09-08T10:52:32.003+08:00,2057
2159,99.172000,2026-09-08T10:52:32.050+08:00,2056
2160,99.203000,2026-09-08T10:52:32.081+08:00,2061
2161,99.250000,2026-09-08T10:52:32.128+08:00,2056
2162,99.344000,2026-09-08T10:52:32.222+08:00,2057
2163,99.391000,2026-09-08T10:52:32.269+08:00,2055
2164,99.422000,2026-09-08T10:52:32.300+08:00,2057
2165,99.469000,2026-09-08T10:52:32.347+08:00,2054
2166,99.516000,2026-09-08T10:52:32.394+08:00,2050
2167,99.563000,2026-09-08T10:52:32.441+08:00,2050
2168,99.610000,2026-09-08T10:52:32.488+08:00,2051
2169,99.688000,2026-09-08T10:52:32.566+08:00,2055
2170,99.735000,2026-09-08T10:52:32.613+08:00,2058
2171,99.782000,2026-09-08T10:52:32.660+08:00,2061
2172,99.828000,2026-09-08T10:52:32.706+08:00,2060
2173,99.875000,2026-09-08T10:52:32.753+08:00,2058
2174,99.907000,2026-09-08T10:52:32.785+08:00,2064
2175,99.953000,2026-09-08T10:52:32.831+08:00,2063
2176,100.000000,2026-09-08T10:52:32.878+08:00,2063
2177,100.047000,2026-09-08T10:52:32.925+08:00,2060
2178,100.094000,2026-09-08T10:52:32.972+08:00,2063
2179,100.141000,2026-09-08T10:52:33.019+08:00,2062
2180,100.172000,2026-09-08T10:52:33.050+08:00,2066
2181,100.219000,2026-09-08T10:52:33.097+08:00,2057
2182,100.266000,2026-09-08T10:52:33.144+08:00,2059
2183,100.313000,2026-09-08T10:52:33.191+08:00,2057
2184,100.360000,2026-09-08T10:52:33.238+08:00,2058
2185,100.391000,2026-09-08T10:52:33.269+08:00,2057
2186,100.438000,2026-09-08T10:52:33.316+08:00,256
2187,100.485000,2026-09-08T10:52:33.363+08:00,2060
2188,100.532000,2026-09-08T10:52:33.410+08:00,2060
2189,100.578000,2026-09-08T10:52:33.456+08:00,2062
2190,100.625000,2026-09-08T10:52:33.503+08:00,2063
2191,100.657000,2026-09-08T10:52:33.535+08:00,2066
2192,100.703000,2026-09-08T10:52:33.581+08:00,2069
2193,100.750000,2026-09-08T10:52:33.628+08:00,2065
2194,100.797000,2026-09-08T10:52:33.675+08:00,256
2195,100.844000,2026-09-08T10:52:33.722+08:00,2060
2196,100.875000,2026-09-08T10:52:33.753+08:00,2060
2197,100.922000,2026-09-08T10:52:33.800+08:00,2062
2198,100.969000,2026-09-08T10:52:33.847+08:00,2063
2199,101.016000,2026-09-08T10:52:33.894+08:00,2066
2200,101.063000,2026-09-08T10:52:33.941+08:00,2069
2201,101.094000,2026-09-08T10:52:33.972+08:00,2065
2202,101.141000,2026-09-08T10:52:34.019+08:00,68
2203,101.188000,2026-09-08T10:52:34.066+08:00,2061
2204,101.235000,2026-09-08T10:52:34.113+08:00,2066
2205,101.282000,2026-09-08T10:52:34.160+08:00,2065
2206,101.328000,2026-09-08T10:52:34.206+08:00,2069
2207,101.360000,2026-09-08T10:52:34.238+08:00,2068
2208,101.407000,2026-09-08T10:52:34.285+08:00,2070
2209,101.453000,2026-09-08T10:52:34.331+08:00,2071
2210,101.500000,2026-09-08T10:52:34.378+08:00,2075
2211,101.547000,2026-09-08T10:52:34.425+08:00,2079
2212,101.578000,2026-09-08T10:52:34.456+08:00,2078
2213,101.625000,2026-09-08T10:52:34.503+08:00,2079
2214,101.672000,2026-09-08T10:52:34.550+08:00,2080
2215,101.719000,2026-09-08T10:52:34.597+08:00,2083
2216,101.766000,2026-09-08T10:52:34.644+08:00,2083
2217,101.813000,2026-09-08T10:52:34.691+08:00,2080
2218,101.844000,2026-09-08T10:52:34.722+08:00,2081
2219,101.891000,2026-09-08T10:52:34.769+08:00,2084
2220,101.938000,2026-09-08T10:52:34.816+08:00,2081
2221,101.985000,2026-09-08T10:52:34.863+08:00,2079
2222,102.032000,2026-09-08T10:52:34.910+08:00,2077
2223,102.063000,2026-09-08T10:52:34.941+08:00,2076
2224,102.110000,2026-09-08T10:52:34.988+08:00,207
2225,102.157000,2026-09-08T10:52:35.035+08:00,2080
2226,102.203000,2026-09-08T10:52:35.081+08:00,2079
2227,102.250000,2026-09-08T10:52:35.128+08:00,2084
2228,102.282000,2026-09-08T10:52:35.160+08:00,2081
2229,102.328000,2026-09-08T10:52:35.206+08:00,2086
2230,102.375000,2026-09-08T10:52:35.253+08:00,2084
2231,102.422000,2026-09-08T10:52:35.300+08:00,2082
2232,102.469000,2026-09-08T10:52:35.347+08:00,2089
2233,102.516000,2026-09-08T10:52:35.394+08:00,2090
2234,102.547000,2026-09-08T10:52:35.425+08:00,2093
2235,102.594000,2026-09-08T10:52:35.472+08:00,2096
2236,102.641000,2026-09-08T10:52:35.519+08:00,2091
2237,102.688000,2026-09-08T10:52:35.566+08:00,2094
2238,102.735000,2026-09-08T10:52:35.613+08:00,2094
2239,102.782000,2026-09-08T10:52:35.660+08:00,209
2240,102.813000,2026-09-08T10:52:35.691+08:00,2092
2241,102.860000,2026-09-08T10:52:35.738+08:00,2094
2242,102.907000,2026-09-08T10:52:35.785+08:00,2093
2243,102.953000,2026-09-08T10:52:35.831+08:00,2090
2244,103.000000,2026-09-08T10:52:35.878+08:00,2091
2245,103.032000,2026-09-08T10:52:35.910+08:00,2093
2246,103.078000,2026-09-08T10:52:35.956+08:00,2094
2247,103.125000,2026-09-08T10:52:36.003+08:00,2093
2248,103.172000,2026-09-08T10:52:36.050+08:00,2096
2249,103.219000,2026-09-08T10:52:36.097+08:00,2097
2250,103.250000,2026-09-08T10:52:36.128+08:00,2097
2251,103.297000,2026-09-08T10:52:36.175+08:00,2100
2252,103.344000,2026-09-08T10:52:36.222+08:00,2101
2253,103.391000,2026-09-08T10:52:36.269+08:00,2099
2254,103.438000,2026-09-08T10:52:36.316+08:00,2102
2255,103.485000,2026-09-08T10:52:36.363+08:00,2102
2256,103.516000,2026-09-08T10:52:36.394+08:00,2105
2257,103.563000,2026-09-08T10:52:36.441+08:00,2103
2258,103.610000,2026-09-08T10:52:36.488+08:00,2102
2259,103.657000,2026-09-08T10:52:36.535+08:00,2102
2260,103.703000,2026-09-08T10:52:36.581+08:00,2098
2261,103.735000,2026-09-08T10:52:36.613+08:00,2098
2262,103.782000,2026-09-08T10:52:36.660+08:00,2097
2263,103.828000,2026-09-08T10:52:36.706+08:00,2096
2264,103.922000,2026-09-08T10:52:36.800+08:00,2095
2265,103.969000,2026-09-08T10:52:36.847+08:00,2093
2266,104.000000,2026-09-08T10:52:36.878+08:00,2095
2267,104.047000,2026-09-08T10:52:36.925+08:00,2095
2268,104.094000,2026-09-08T10:52:36.972+08:00,2096
2269,104.141000,2026-09-08T10:52:37.019+08:00,2097
2270,104.188000,2026-09-08T10:52:37.066+08:00,2097
2271,104.266000,2026-09-08T10:52:37.144+08:00,2096
2272,104.313000,2026-09-08T10:52:37.191+08:00,2104
2273,104.360000,2026-09-08T10:52:37.238+08:00,2098
2274,104.407000,2026-09-08T10:52:37.285+08:00,2099
2275,104.438000,2026-09-08T10:52:37.316+08:00,2100
2276,104.485000,2026-09-08T10:52:37.363+08:00,2099
2277,104.532000,2026-09-08T10:52:37.410+08:00,2094
2278,104.578000,2026-09-08T10:52:37.456+08:00,2095
2279,104.625000,2026-09-08T10:52:37.503+08:00,2092
2280,104.672000,2026-09-08T10:52:37.550+08:00,2094
2281,104.703000,2026-09-08T10:52:37.581+08:00,2088
2282,104.750000,2026-09-08T10:52:37.628+08:00,2086
2283,104.797000,2026-09-08T10:52:37.675+08:00,2084
2284,104.844000,2026-09-08T10:52:37.722+08:00,2088
2285,104.891000,2026-09-08T10:52:37.769+08:00,2086
2286,104.922000,2026-09-08T10:52:37.800+08:00,2087
2287,104.969000,2026-09-08T10:52:37.847+08:00,2086
2288,105.063000,2026-09-08T10:52:37.941+08:00,2086
2289,105.110000,2026-09-08T10:52:37.988+08:00,2082
2290,105.157000,2026-09-08T10:52:38.035+08:00,2083
2291,105.188000,2026-09-08T10:52:38.066+08:00,2081
2292,105.235000,2026-09-08T10:52:38.113+08:00,2078
2293,105.282000,2026-09-08T10:52:38.160+08:00,2078
2294,105.328000,2026-09-08T10:52:38.206+08:00,2075
2295,105.407000,2026-09-08T10:52:38.285+08:00,2069
2296,105.453000,2026-09-08T10:52:38.331+08:00,2069
2297,105.500000,2026-09-08T10:52:38.378+08:00,2067
2298,105.547000,2026-09-08T10:52:38.425+08:00,2062
2299,105.594000,2026-09-08T10:52:38.472+08:00,2057
2300,105.641000,2026-09-08T10:52:38.519+08:00,2058
2301,105.672000,2026-09-08T10:52:38.550+08:00,2053
2302,105.719000,2026-09-08T10:52:38.597+08:00,2058
2303,105.766000,2026-09-08T10:52:38.644+08:00,2055
2304,105.813000,2026-09-08T10:52:38.691+08:00,2054
2305,105.860000,2026-09-08T10:52:38.738+08:00,2053
2306,105.891000,2026-09-08T10:52:38.769+08:00,2053
2307,105.938000,2026-09-08T10:52:38.816+08:00,2053
2308,105.985000,2026-09-08T10:52:38.863+08:00,2051
2309,106.032000,2026-09-08T10:52:38.910+08:00,2053
2310,106.078000,2026-09-08T10:52:38.956+08:00,2050
2311,106.125000,2026-09-08T10:52:39.003+08:00,2053
2312,106.157000,2026-09-08T10:52:39.035+08:00,2050
2313,106.203000,2026-09-08T10:52:39.081+08:00,2047
2314,106.250000,2026-09-08T10:52:39.128+08:00,2051
2315,106.297000,2026-09-08T10:52:39.175+08:00,2043
2316,106.344000,2026-09-08T10:52:39.222+08:00,2048
2317,106.375000,2026-09-08T10:52:39.253+08:00,2040
2318,106.422000,2026-09-08T10:52:39.300+08:00,2042
2319,106.469000,2026-09-08T10:52:39.347+08:00,2041
2320,106.516000,2026-09-08T10:52:39.394+08:00,2038
2321,106.563000,2026-09-08T10:52:39.441+08:00,2036
2322,106.594000,2026-09-08T10:52:39.472+08:00,2033
2323,106.641000,2026-09-08T10:52:39.519+08:00,2031
2324,106.688000,2026-09-08T10:52:39.566+08:00,2031
2325,106.735000,2026-09-08T10:52:39.613+08:00,2031
2326,106.782000,2026-09-08T10:52:39.660+08:00,2035
2327,106.860000,2026-09-08T10:52:39.738+08:00,2028
2328,106.907000,2026-09-08T10:52:39.785+08:00,2027
2329,106.953000,2026-09-08T10:52:39.831+08:00,2027
2330,107.000000,2026-09-08T10:52:39.878+08:00,2024
2331,107.047000,2026-09-08T10:52:39.925+08:00,2024
2332,107.078000,2026-09-08T10:52:39.956+08:00,2021
2333,107.125000,2026-09-08T10:52:40.003+08:00,2023
2334,107.172000,2026-09-08T10:52:40.050+08:00,2022
2335,107.219000,2026-09-08T10:52:40.097+08:00,2018
2336,107.266000,2026-09-08T10:52:40.144+08:00,2018
2337,107.313000,2026-09-08T10:52:40.191+08:00,2015
2338,107.344000,2026-09-08T10:52:40.222+08:00,2014
2339,107.391000,2026-09-08T10:52:40.269+08:00,2012
2340,107.485000,2026-09-08T10:52:40.363+08:00,2014
2341,107.532000,2026-09-08T10:52:40.410+08:00,2015
2342,107.563000,2026-09-08T10:52:40.441+08:00,2017
2343,107.610000,2026-09-08T10:52:40.488+08:00,2018
2344,107.657000,2026-09-08T10:52:40.535+08:00,2019
2345,107.703000,2026-09-08T10:52:40.581+08:00,2021
2346,107.750000,2026-09-08T10:52:40.628+08:00,2021
2347,107.797000,2026-09-08T10:52:40.675+08:00,2020
2348,107.828000,2026-09-08T10:52:40.706+08:00,2019
2349,107.875000,2026-09-08T10:52:40.753+08:00,2021
2350,107.922000,2026-09-08T10:52:40.800+08:00,2017
2351,107.969000,2026-09-08T10:52:40.847+08:00,2021
2352,108.016000,2026-09-08T10:52:40.894+08:00,2019
2353,108.047000,2026-09-08T10:52:40.925+08:00,2016
2354,108.094000,2026-09-08T10:52:40.972+08:00,2015
2355,108.141000,2026-09-08T10:52:41.019+08:00,2013
2356,108.188000,2026-09-08T10:52:41.066+08:00,2014
2357,108.235000,2026-09-08T10:52:41.113+08:00,2013
2358,108.266000,2026-09-08T10:52:41.144+08:00,2011
2359,108.313000,2026-09-08T10:52:41.191+08:00,2013
2360,108.407000,2026-09-08T10:52:41.285+08:00,2018
2361,108.453000,2026-09-08T10:52:41.331+08:00,2015
2362,108.500000,2026-09-08T10:52:41.378+08:00,2020
2363,108.532000,2026-09-08T10:52:41.410+08:00,2016
2364,108.578000,2026-09-08T10:52:41.456+08:00,2019
2365,108.625000,2026-09-08T10:52:41.503+08:00,2018
2366,108.672000,2026-09-08T10:52:41.550+08:00,202
2367,108.719000,2026-09-08T10:52:41.597+08:00,2022
2368,108.750000,2026-09-08T10:52:41.628+08:00,2021
2369,108.797000,2026-09-08T10:52:41.675+08:00,2022
2370,108.844000,2026-09-08T10:52:41.722+08:00,2021
2371,108.891000,2026-09-08T10:52:41.769+08:00,2021
2372,108.938000,2026-09-08T10:52:41.816+08:00,2020
2373,108.985000,2026-09-08T10:52:41.863+08:00,2018
2374,109.016000,2026-09-08T10:52:41.894+08:00,2017
2375,109.063000,2026-09-08T10:52:41.941+08:00,2018
2376,109.110000,2026-09-08T10:52:41.988+08:00,2019
2377,109.157000,2026-09-08T10:52:42.035+08:00,2011
2378,109.203000,2026-09-08T10:52:42.081+08:00,2017
2379,109.235000,2026-09-08T10:52:42.113+08:00,2019
2380,109.282000,2026-09-08T10:52:42.160+08:00,2021
2381,109.328000,2026-09-08T10:52:42.206+08:00,2022
2382,109.375000,2026-09-08T10:52:42.253+08:00,2023
2383,109.422000,2026-09-08T10:52:42.300+08:00,2022
2384,109.500000,2026-09-08T10:52:42.378+08:00,2024
2385,109.547000,2026-09-08T10:52:42.425+08:00,2026
2386,109.594000,2026-09-08T10:52:42.472+08:00,2028
2387,109.641000,2026-09-08T10:52:42.519+08:00,2027
2388,109.688000,2026-09-08T10:52:42.566+08:00,2026
2389,109.719000,2026-09-08T10:52:42.597+08:00,2024
2390,109.813000,2026-09-08T10:52:42.691+08:00,2023
2391,109.860000,2026-09-08T10:52:42.738+08:00,2024
2392,109.907000,2026-09-08T10:52:42.785+08:00,2024
2393,109.953000,2026-09-08T10:52:42.831+08:00,2023
2394,109.985000,2026-09-08T10:52:42.863+08:00,2023
2395,110.032000,2026-09-08T10:52:42.910+08:00,2026
2396,110.078000,2026-09-08T10:52:42.956+08:00,2028
2397,110.125000,2026-09-08T10:52:43.003+08:00,2026
2398,110.172000,2026-09-08T10:52:43.050+08:00,2027
2399,110.203000,2026-09-08T10:52:43.081+08:00,2029
2400,110.250000,2026-09-08T10:52:43.128+08:00,2033
2401,110.297000,2026-09-08T10:52:43.175+08:00,2033
2402,110.344000,2026-09-08T10:52:43.222+08:00,2032
2403,110.391000,2026-09-08T10:52:43.269+08:00,2028
2404,110.422000,2026-09-08T10:52:43.300+08:00,2030
2405,110.469000,2026-09-08T10:52:43.347+08:00,2027
2406,110.516000,2026-09-08T10:52:43.394+08:00,2029
2407,110.563000,2026-09-08T10:52:43.441+08:00,2026
2408,110.610000,2026-09-08T10:52:43.488+08:00,2023
2409,110.657000,2026-09-08T10:52:43.535+08:00,2023
2410,110.688000,2026-09-08T10:52:43.566+08:00,2023
2411,110.735000,2026-09-08T10:52:43.613+08:00,2021
2412,110.782000,2026-09-08T10:52:43.660+08:00,2020
2413,110.828000,2026-09-08T10:52:43.706+08:00,2021
2414,110.875000,2026-09-08T10:52:43.753+08:00,2021
2415,110.907000,2026-09-08T10:52:43.785+08:00,2023
2416,110.953000,2026-09-08T10:52:43.831+08:00,2025
2417,111.000000,2026-09-08T10:52:43.878+08:00,2027
2418,111.047000,2026-09-08T10:52:43.925+08:00,2028
2419,111.094000,2026-09-08T10:52:43.972+08:00,2026
2420,111.141000,2026-09-08T10:52:44.019+08:00,2031
2421,111.172000,2026-09-08T10:52:44.050+08:00,2032
2422,111.219000,2026-09-08T10:52:44.097+08:00,2031
2423,111.266000,2026-09-08T10:52:44.144+08:00,2033
2424,111.313000,2026-09-08T10:52:44.191+08:00,2034
2425,111.360000,2026-09-08T10:52:44.238+08:00,2033
2426,111.438000,2026-09-08T10:52:44.316+08:00,2032
2427,111.485000,2026-09-08T10:52:44.363+08:00,2026
2428,111.532000,2026-09-08T10:52:44.410+08:00,2027
2429,111.578000,2026-09-08T10:52:44.456+08:00,2027
2430,111.625000,2026-09-08T10:52:44.503+08:00,2025
2431,111.657000,2026-09-08T10:52:44.535+08:00,2027
2432,111.703000,2026-09-08T10:52:44.581+08:00,2029
2433,111.750000,2026-09-08T10:52:44.628+08:00,2030
2434,111.797000,2026-09-08T10:52:44.675+08:00,2034
2435,111.844000,2026-09-08T10:52:44.722+08:00,2032
2436,111.875000,2026-09-08T10:52:44.753+08:00,2034
2437,111.922000,2026-09-08T10:52:44.800+08:00,2039
2438,111.969000,2026-09-08T10:52:44.847+08:00,20372038
2439,112.016000,2026-09-08T10:52:44.894+08:00,2038
2440,112.063000,2026-09-08T10:52:44.941+08:00,2038
2441,112.094000,2026-09-08T10:52:44.972+08:00,2038
2442,112.141000,2026-09-08T10:52:45.019+08:00,2039
2443,112.188000,2026-09-08T10:52:45.066+08:00,2036
2444,112.235000,2026-09-08T10:52:45.113+08:00,2037
2445,112.282000,2026-09-08T10:52:45.160+08:00,2034
2446,112.328000,2026-09-08T10:52:45.206+08:00,2034
2447,112.360000,2026-09-08T10:52:45.238+08:00,2026
2448,112.407000,2026-09-08T10:52:45.285+08:00,2025
2449,112.453000,2026-09-08T10:52:45.331+08:00,2030
2450,112.500000,2026-09-08T10:52:45.378+08:00,2029
2451,112.547000,2026-09-08T10:52:45.425+08:00,2027
2452,112.578000,2026-09-08T10:52:45.456+08:00,2028
2453,112.625000,2026-09-08T10:52:45.503+08:00,2029
2454,112.672000,2026-09-08T10:52:45.550+08:00,2031
2455,112.719000,2026-09-08T10:52:45.597+08:00,20322034
2456,112.766000,2026-09-08T10:52:45.644+08:00,2038
2457,112.813000,2026-09-08T10:52:45.691+08:00,2035
2458,112.844000,2026-09-08T10:52:45.722+08:00,2036
2459,112.891000,2026-09-08T10:52:45.769+08:00,2035
2460,112.938000,2026-09-08T10:52:45.816+08:00,2036
2461,112.985000,2026-09-08T10:52:45.863+08:00,2037
2462,113.032000,2026-09-08T10:52:45.910+08:00,2035032
2463,113.063000,2026-09-08T10:52:45.941+08:00,2033
2464,113.110000,2026-09-08T10:52:45.988+08:00,2034
2465,113.157000,2026-09-08T10:52:46.035+08:00,2031
2466,113.203000,2026-09-08T10:52:46.081+08:00,2030
2467,113.250000,2026-09-08T10:52:46.128+08:00,2031
2468,113.282000,2026-09-08T10:52:46.160+08:00,2030
2469,113.328000,2026-09-08T10:52:46.206+08:00,2032
2470,113.375000,2026-09-08T10:52:46.253+08:00,2034
2471,113.422000,2026-09-08T10:52:46.300+08:00,2037
2472,113.469000,2026-09-08T10:52:46.347+08:00,2037
2473,113.516000,2026-09-08T10:52:46.394+08:00,2039
2474,113.547000,2026-09-08T10:52:46.425+08:00,2041
2475,113.594000,2026-09-08T10:52:46.472+08:00,2044
2476,113.641000,2026-09-08T10:52:46.519+08:00,2040
2477,113.688000,2026-09-08T10:52:46.566+08:00,2045
2478,113.735000,2026-09-08T10:52:46.613+08:00,2042
2479,113.813000,2026-09-08T10:52:46.691+08:00,2039
2480,113.860000,2026-09-08T10:52:46.738+08:00,2037
2481,113.907000,2026-09-08T10:52:46.785+08:00,2038
2482,113.953000,2026-09-08T10:52:46.831+08:00,2034
2483,114.000000,2026-09-08T10:52:46.878+08:00,2031
2484,114.032000,2026-09-08T10:52:46.910+08:00,2034
2485,114.125000,2026-09-08T10:52:47.003+08:00,2033
2486,114.172000,2026-09-08T10:52:47.050+08:00,2036
2487,114.219000,2026-09-08T10:52:47.097+08:00,2040
2488,114.250000,2026-09-08T10:52:47.128+08:00,2037
2489,114.297000,2026-09-08T10:52:47.175+08:00,2040
2490,114.344000,2026-09-08T10:52:47.222+08:00,2040
2491,114.391000,2026-09-08T10:52:47.269+08:00,2042
